Name,smile,value,label_cutoff_50%
sulfadiazine,Nc1ccc(S(=O)(=O)Nc2ncccn2)cc1,90,1
clofarabine,Nc1nc(Cl)nc2c1ncn2C1OC(CO)C(O)C1F,50,1
sulfamethoxazole,Cc1cc(NS(=O)(=O)c2ccc(N)cc2)no1,99,1
tolazoline,c1ccc(CC2=NCCN2)cc1,90,1
cotinine,CN1C(=O)CCC1c1cccnc1,97,1
methylaminorex,CC1NC(=N)OC1c1ccccc1,62,1
serotonin,NCCc1c[nH]c2ccc(O)cc12,<50[2],0
ritipenem,CC(O)C1C(=O)N2C(C(=O)O)=C(COC(=N)O)SC12,37,0
didanosine,OCC1CCC(n2cnc3c(O)ncnc32)O1,38,0
tazobactam,CC1(Cn2ccnn2)C(C(=O)O)N2C(=O)CC2S1(=O)=O,0,0
phenylbutyrate,O=C(O)CCCc1ccccc1,78,1
alovudine,Cc1cn(C2CC(F)C(CO)O2)c(=O)nc1O,>80[1],1
fludarabine,Nc1nc(F)nc2c1ncn2C1OC(COP(=O)(O)O)C(O)C1O,57.5,1
guanoxan,N=C(N)NCC1COc2ccccc2O1,50,1
nifurtimox,CC1CS(=O)(=O)CCN1N=Cc1ccc([N+](=O)[O-])o1,26,0
zidovudine,Cc1cn(C2CC(N=[N+]=[N-])C(CO)O2)c(=O)nc1O,63,1
vidarabine,Nc1ncnc2c1ncn2C1OC(CO)C(O)C1O,0,0
phenacetin,CCOc1ccc(N=C(C)O)cc1,25,0
methyldopa,CC(N)(Cc1ccc(O)c(O)c1)C(=O)O,42,0
seletracetam,CCC(C(=N)O)N1CC(C=C(F)F)CC1=O,90,1
nicotine,CN1CCCC1c1cccnc1,30,0
carbidopa,CC(Cc1ccc(O)c(O)c1)(NN)C(=O)O,70,1
telbivudine,Cc1cn(C2CC(O)C(CO)O2)c(=O)nc1O,68,1
proxyphylline,CC(O)Cn1cnc2c1c(=O)n(C)c(=O)n2C,99,1
diprophylline,Cn1c(=O)c2c(ncn2CC(O)CO)n(C)c1=O,90,1
tolmesoxide,COc1cc(C)c(S(C)=[OH+])cc1OC,85,1
guaifenesin,COc1ccccc1OCC(O)CO,>80[1],1
methamphetamine,CNC(C)Cc1ccccc1,67,1
benserazide,NC(CO)C(O)=NNCc1ccc(O)c(O)c1O,<50[2],0
phenformin,N=C(N)NC(=N)NCCc1ccccc1,55,1
penciclovir,N=c1nc(O)c2ncn(CCC(CO)CO)c2[nH]1,77,1
talsaclidine,C#CCOC1CN2CCC1CC2,90,1
edrophonium,CC[N+](C)(C)c1cccc(O)c1,0,0
pseudoephedrine,CNC(C)C(O)c1ccccc1,100,1
pholedrine,CNC(C)Cc1ccc(O)cc1,20,0
etilefrine,CCNCC(O)c1cccc(O)c1,<50[2],0
desglymidodrine,COc1ccc(OC)c(C(O)CN)c1,93,1
biotin,O=C(O)CCCCC1SCC2N=C(O)NC21,99,1
amantadine,NC12CC3CC(CC(C3)C1)C2,90,1
pramipexole,CCCNC1CCc2[nH]c(=N)sc2C1,93,1
sobrerol,CC1=CCC(C(C)(C)O)CC1O,72,1
pentosan,O=S(=O)(O)OC1C(O)COC(OC2COC(O)C(OS(=O)(=O)O)C2OS(=O)(=O)O)C1OS(=O)(=O)O,3,0
diethylcarbamazine,CCN(CC)C(=O)N1CCN(C)CC1,90,1
miglustat,CCCCN1CC(O)C(O)C(O)C1CO,97,1
voglibose,OCC(CO)NC1CC(O)(CO)C(O)C(O)C1O,6,0
ethambutol,CCC(CO)NCCNC(CC)CO,77,1
anagrelide,OC1=NC2=Nc3ccc(Cl)c(Cl)c3CN2C1,75,1
rufinamide,N=C(O)c1cn(Cc2c(F)cccc2F)nn1,85,1
amrinone,Nc1cc(-c2ccncc2)cnc1O,93,1
amezinium,COc1cc(=N)cnn1-c1ccccc1,58,1
phenazopyridine,N=c1ccc(N=Nc2ccccc2)c(N)[nH]1,60,1
lofexidine,CC(Oc1c(Cl)cccc1Cl)C1=NCCN1,90,1
chloramphenicol,O=[N+]([O-])c1ccc(C(O)C(CO)N=C(O)C(Cl)Cl)cc1,80,1
idazoxan,c1ccc2c(c1)OCC(C1=NCCN1)O2,34,0
oxitriptan,NC(Cc1c[nH]c2ccc(O)cc12)C(=O)O,70,1
levamisole,c1ccc(C2CN3CCSC3=N2)cc1,65,1
brivudine,O=c1nc(O)c(C=CBr)cn1C1CC(O)C(CO)O1,30,0
sorivudine,O=c1nc(O)c(C=CBr)cn1C1OC(CO)C(O)C1O,70,1
polythiazide,CN1C(CSCC(F)(F)F)Nc2cc(Cl)c(S(N)(=O)=O)cc2S1(=O)=O,>80[1],1
sulfisoxazole,Cc1nsc(NS(=O)(=O)c2ccc(N)cc2)c1C,93,1
idrocilamide,OCCN=C(O)C=Cc1ccccc1,30,0
toloxatone,Cc1cccc(N2CC(CO)OC2=O)c1,56,1
lorcaserin,CC1CNCCc2ccc(Cl)cc21,90,1
ethylphenylmalonamide,CCC(C(=N)O)(C(=N)O)c1ccccc1,91,1
felbamate,N=C(O)OCC(COC(=N)O)c1ccccc1,90,1
pyrantel,CN1CCCN=C1C=Cc1cccs1,>50[2],1
doxofylline,Cn1c(=O)c2c(ncn2CC2OCCO2)n(C)c1=O,63,1
forodesine,OCC1NC(c2c[nH]c3c(O)ncnc23)C(O)C1O,40,0
lobucavir,N=c1nc(O)c2ncn(C3CC(CO)C3CO)c2[nH]1,30,0
nelarabine,COc1nc(=N)[nH]c2c1ncn2C1OC(CO)C(O)C1O,11,0
methocarbamol,COc1ccccc1OCC(O)COC(=N)O,32,0
proguanil,CC(C)NC(=N)NC(=N)Nc1ccc(Cl)cc1,60,1
tocainide,Cc1cccc(C)c1N=C(O)C(C)N,89,1
pilocarpine,CCC1C(=O)OCC1Cc1cncn1C,100,1
pentostatin,OCC1OC(n2cnc3c2NC=NCC3O)CC1O,≈0[1],0
bretylium,CC[N+](C)(C)Cc1ccccc1Br,23,0
mexiletine,Cc1cccc(C)c1OCC(C)N,87,1
isoproterenol,CC(C)NCC(O)c1ccc(O)c(O)c1,0,0
orciprenaline,CC(C)NCC(O)c1cc(O)cc(O)c1,40,0
pentobarbital,CCCC(C)C1(CC)C(O)=NC(=O)N=C1O,80,1
ranitidine,CN=C(NCCSCc1ccc(CNC)o1)N[N+](=O)[O-],52,1
brivaracetam,CCCC1CC(=O)N(C(CC)C(=N)O)C1,100,1
mecamylamine,CNC1(C)C2CCC(C2)C1(C)C,99,1
diatrizoate,CC(O)=Nc1c(I)c(N=C(C)O)c(I)c(C(=O)O)c1I,<50[2],0
naftazone,N=C(O)N=Nc1ccc2ccccc2c1O,>80[1],1
nilutamide,CC1(C)N=C(O)N(c2ccc([N+](=O)[O-])c(C(F)(F)F)c2)C1=O,100,1
cinoxacin,CCn1nc(C(=O)O)c(=O)c2cc3c(cc21)OCO3,72.5,1
furosemide,NS(=O)(=O)c1cc(Cl)cc(NCc2ccco2)c1C(=O)O,71,1
peldesine,N=c1nc(O)c2[nH]cc(Cc3cccnc3)c2[nH]1,33,0
dapsone,Nc1ccc(S(=O)(=O)c2ccc(O)cc2)cc1,93,1
enoximone,CSc1ccc(C(=O)c2[nH]c(O)nc2C)cc1,54,1
phenobarbital,CCC1(c2ccccc2)C(O)=NC(=O)N=C1O,72,1
nalidixic,CCn1cc(C(=O)O)c(=O)c2ccc(C)nc21,96,1
benznidazole,O=[N+]([O-])c1nccn1CC(O)=NCc1ccccc1,100,1
alinidine,C=CCN(C1=NCCN1)c1c(Cl)cccc1Cl,100,1
pyrimethamine,CCc1nc(=N)[nH]c(N)c1-c1ccc(Cl)cc1,100,1
rasagiline,C#CCNC1CCc2ccccc21,36,0
triamterene,N=C1N=C2NC(N)=C(c3ccccc3)N=C2C(N)N1,51,1
aniracetam,COc1ccc(C(=O)N2CCCC2=O)cc1,0.2,0
phenylpiracetam,N=C(O)CN1CC(c2ccccc2)CC1=O,100,1
sulfadoxine,COc1ncnc(NS(=O)(=O)c2ccc(N)cc2)c1OC,>80[1],1
sulfadimethoxine,COc1cc(NS(=O)(=O)c2ccc(N)cc2)nc(OC)n1,59.099998,1
clofibrate,CCOC(=O)C(C)(C)Oc1ccc(Cl)cc1,95,1
bicifadine,Cc1ccc(C23CNCC2C3)cc1,89,1
albendazole,CCCSc1ccc2nc(N=C(O)OC)[nH]c2c1,5,0
entecavir,C=C1C(CO)C(O)CC1n1cnc2c(O)nc(=N)[nH]c21,100,1
faropenem,CC(O)C1C(=O)N2C(C(=O)O)=C(C3CCCO3)SC12,20,0
fenfluramine,CCNC(C)Cc1cccc(C(F)(F)F)c1,89,1
eltoprazine,c1cc2c(c(N3CCNCC3)c1)OCCO2,100,1
hexobarbital,CN1C(=O)N=C(O)C(C)(C2=CCCCC2)C1=O,95,1
cyclopenthiazide,NS(=O)(=O)c1cc2c(cc1Cl)NC(CN1CCCC1)NS2(=O)=O,100,1
imipenem,CC(O)C1C(=O)N2C(C(=O)O)=C(SCCNC=N)CC12,1,0
thiamine,Cc1ncc(C[n+]2csc(CCO)c2C)c(=N)[nH]1,5,0
clenbuterol,CC(C)(C)NCC(O)c1cc(Cl)c(N)c(Cl)c1,99,1
tulobuterol,CC(C)(C)NCC(O)c1ccccc1Cl,48,0
secobarbital,C=CCC1(C(C)CCC)C(O)=NC(=O)N=C1O,90,1
tolbutamide,CCCCN=C(O)NS(=O)(=O)c1ccc(C)cc1,85,1
midodrine,COc1ccc(OC)c(C(O)CN=C(O)CN)c1,93,1
propofol,CC(C)c1cccc(C(C)C)c1O,5,0
sucralose,OCC1OC(OC2(CCl)OC(CCl)C(O)C2O)C(O)C(O)C1Cl,>50[2],1
neostigmine,CN(C)C(=O)Oc1cccc([N+](C)(C)C)c1,2,0
bamethan,CCCC[NH2+]CC(O)c1ccc(O)cc1,75,1
terbutaline,CC(C)(C)NCC(O)c1cc(O)cc(O)c1,14,0
prenalterol,CC(C)NCC(O)COc1ccc(O)cc1,>50[2],1
pirbuterol,CC(C)(C)NCC(O)c1ccc(O)c(CO)n1,60,1
zanamivir,CC(O)=NC1C(NC(=N)N)C=C(C(=O)O)OC1C(O)C(O)CO,2,0
nizatidine,CNC(=C[N+](=O)[O-])NCCSCc1csc(CN(C)C)n1,70,1
cadralazine,CCOC(O)=NNc1ccc(N(CC)CC(C)O)nn1,80,1
topiramate,CC1(C)OC2COC3(COS(N)(=O)=O)OC(C)(C)OC3C2O1,70,1
lactulose,OCC1OC(OC2C(CO)OC(O)(CO)C2O)C(O)C(O)C1O,3,0
methoxsalen,COc1c2occc2cc2ccc(=O)oc12,≈0[1],0
teriflunomide,CC(O)=C(C#N)C(=O)Nc1ccc(C(F)(F)F)cc1,<50[2],0
nitazoxanide,CC(=O)Oc1ccccc1C(O)=Nc1ncc([N+](=O)[O-])s1,70,1
lornoxicam,CN1C(C(O)=Nc2ccccn2)=C(O)c2sc(Cl)cc2S1(=O)=O,100,1
thalidomide,O=C1N=C(O)CCC1N1C(=O)c2ccccc2C1=O,>80[1],1
tenoxicam,CN1C(C(O)=Nc2ccccn2)=Cc2sccc2S1(=O)=O,100,1
sudoxicam,CN1C(C(O)=Nc2nccs2)=C(O)c2ccccc2S1(=O)=O,>80[1],1
oxolinic,CCn1cc(C(=O)O)c(=O)c2cc3c(cc21)OCO3,50,1
fluconazole,OC(Cn1cncn1)(Cn1cncn1)c1ccc(F)cc1F,90,1
sultosilic,Cc1ccc(S(=O)(=O)Oc2ccc(O)c(S(=O)(=O)O)c2)cc1,60,1
varenicline,c1cnc2cc3c(cc2n1)C1CNCC3C1,87,1
lenalidomide,Nc1cccc2c1CN(C1CCC(O)=NC1=O)C2=O,70,1
cefacetrile,CC(=O)OCC1=C(C(=O)O)N2C(=O)C(N=C(O)CC#N)C2SC1,0,0
ceftizoxime,CON=C(C(=O)NC1C(=O)N2C(C(=O)O)=CCSC12)c1csc(=N)[nH]1,0,0
ciprofibrate,CC(C)(Oc1ccc(C2CC2(Cl)Cl)cc1)C(=O)O,99,1
tacrine,N=c1c2c([nH]c3ccccc13)CCCC2,17,0
methylphenobarbital,CCC1(c2ccccc2)C(=O)N(C)C(=O)N=C1O,73,1
genaconazole,CC(C(O)(Cn1cncn1)c1ccc(F)cc1F)S(C)(=O)=O,99,1
glutethimide,CCC1(c2ccccc2)CCC(O)=NC1=O,≈0[1],0
cladribine,COC1CC(n2cnc3c(N)cc(Cl)cc32)OC1CO,43,0
ketamine,CNC1(c2ccccc2Cl)CCCCC1=O,20,0
aminoglutethimide,CCC1(c2ccc(N)cc2)CCC(O)=NC1=O,95,1
mofebutazone,CCCCC1C(=O)N(c2ccccc2)N=C1O,90,1
moclobemide,O=C(NCCN1CCOCC1)c1ccc(Cl)cc1,75,1
selegiline,C#CCN(C)C(C)Cc1ccccc1,4.4000001,0
aztreonam,CC1C(NC(=O)C(=NOC(C)(C)C(=O)O)c2csc(=N)[nH]2)C(=O)N1S(=O)(=O)O,1,0
ambroxol,Nc1c(Br)cc(Br)cc1CNC1CCC(O)CC1,77,1
melphalan,NC(Cc1ccc(N(CCCl)CCCl)cc1)C(=O)O,71,1
mabuterol,CC(C)(C)NCC(O)c1cc(Cl)c(N)c(C(F)(F)F)c1,91,1
bupropion,CC(NC(C)(C)C)C(=O)c1cccc(Cl)c1,5,0
lacosamide,COCC(N=C(C)O)C(O)=NCc1ccccc1,100,1
pentoxifylline,CC(=O)CCCCn1c(=O)c2c(ncn2C)n(C)c1=O,25,0
ibuprofen,CC(C)Cc1ccc(C(C)C(=O)O)cc1,85,1
mefruside,CN(CC1(C)CCCO1)S(=O)(=O)c1ccc(Cl)c(S(N)(=O)=O)c1,70,1
pinacidil,CC(NC(=NC#N)N=c1cc[nH]cc1)C(C)(C)C,57,1
viloxazine,CCOc1ccccc1OCC1CNCCO1,85,1
r-albuterol,CC(C)(C)NCC(O)c1ccc(O)c(C(=O)O)c1,43,0
probenecid,CCCN(CCC)S(=O)(=O)c1ccc(C(=O)O)cc1,99,1
prilocaine,CCCNC(C)C(O)=Nc1ccccc1C,20,0
practolol,CC(O)=Nc1ccc(C(O)CNC(C)C)cc1,95,1
levodropropizine,OCC(O)CN1CCN(c2ccccc2)CC1,75,1
etozolin,CCOC(=O)C=C1SC(N2CCCCC2)C(=O)N1C,90,1
valaciclovir,CC(C)C(N)C(=O)OCCOCn1cnc2c(O)nc(=N)[nH]c21,0,0
febuprol,CCCCOCC(O)COc1ccccc1,90,1
procainamide,CCN(CC)CCNC(=O)c1ccc(N)cc1,83,1
salbutamol,CC(C)(C)NCC(O)c1ccc(O)c(CO)c1,44,0
sotalol,CC(C)NCC(O)COc1cccc(NS(C)(=O)=O)c1,95,1
diflunisal,O=C(O)c1cc(-c2ccc(F)cc2F)ccc1O,85,1
bromazepam,OC1=Nc2ccc(Br)cc2C(c2ccccn2)=NC1,84,1
fenclofenac,O=C(O)Cc1ccccc1Oc1ccc(Cl)cc1Cl,100,1
mitotane,Clc1ccc(C(c2ccccc2Cl)C(Cl)Cl)cc1,40,0
nitisinone,O=C1CCCC(=O)C1C(=O)c1ccc(C(F)(F)F)cc1[N+](=O)[O-],90,1
olsalazine,O=C(O)c1cc(N=Nc2ccc(O)c(C(=O)O)c2)ccc1O,2,0
diclofenac,O=C(O)Cc1ccccc1Nc1ccc(Cl)cc1Cl,54,1
chlorthalidone,NS(=O)(=O)c1cc(C2(O)N=C(O)c3ccccc32)ccc1Cl,64,1
tolcapone,Cc1ccc(C(=O)c2cc(O)c(O)c([N+](=O)[O-])c2)cc1,62,1
fenquizone,NS(=O)(=O)c1cc2c(cc1Cl)NC(c1ccccc1)N=C2O,53,1
nolatrexed,Cc1ccc2[nH]c(=N)nc(O)c2c1Sc1ccncc1,95,1
levosimendan,CC1CC(O)=NN=C1c1ccc(NN=C(C#N)C#N)cc1,85,1
suprofen,CC(C(=O)O)c1cccc(C(=O)c2cccs2)c1,90,1
meloxicam,Cc1cnc(N=C(O)C2=C(O)c3ccccc3S(=O)(=O)N2C)s1,97,1
isoxicam,Cc1cc(=NC(=O)C2=C(O)c3ccccc3S(=O)(=O)N2C)[nH]o1,97,1
cefdinir,C=CC1=C(C(=O)O)N2C(=O)C(NC(=O)C(=NO)c3c[nH]c(=N)s3)C2SC1,18.5,0
ticlopidine,Clc1ccccc1CN1CCc2sccc2C1,80,1
obidoxime,O=[NH+]C=C1C=CN(COCN2C=CC(=C[NH+]=O)C=C2)C=C1,≈0[1],0
cefazolin,Cc1nnc(SCC2=C(C(=O)O)N3C(=O)C(N=C(O)Cn4cnnn4)C3SC2)s1,75,1
entacapone,CCN(CC)C(=O)C(C#N)=Cc1cc(O)c(O)c([N+](=O)[O-])c1,42,0
endralazine,NN=c1cc2c(n[nH]1)CCN(C(=O)c1ccccc1)C2,75,1
cefetamet,CON=C(C(=O)NC1C(=O)N2C(C(=O)O)=C(C)CSC12)c1csc(=N)[nH]1,47,0
atipamezole,CCC1(c2cnc[nH]2)Cc2ccccc2C1,2,0
etomidate,CCOC(=O)c1cncn1C(C)c1ccccc1,≈0[1],0
imiquimod,CC(C)Cn1cnc2c(=N)[nH]c3ccccc3c21,47,0
fasudil,O=S(=O)(c1cccc2cnccc12)N1CCCNCC1,>80[1],1
pipemidic_acid,CCn1cc(C(=O)O)c(=O)c2cnc(N3CCNCC3)nc21,93,1
trimethoprim,COc1cc(Cc2c[nH]c(=N)[nH]c2=N)cc(OC)c1OC,76,1
abacavir,N=c1nc2c(ncn2C2C=CC(CO)C2)c(NC2CC2)[nH]1,83,1
stiripentol,CC(C)(C)C(O)C=Cc1ccc2c(c1)OCO2,>50[2],1
chlorambucil,O=C(O)CCCc1ccc(N(CCCl)CCCl)cc1,82,1
famciclovir,CC(=O)OCC(CCn1cnc2c[nH]c(=N)nc21)COC(C)=O,77,1
bromhexine,CN(Cc1cc(Br)cc(Br)c1N)C1CCCCC1,77.5,1
pindolol,CC(C)NCC(O)COc1cccc2[nH]ccc12,88,1
vorinostat,ON=C(O)CCCCCCC(O)=Nc1ccccc1,43,0
auranofin,CC(=O)OCC1OC(S)C(OC(C)=O)C(OC(C)=O)C1OC(C)=O,20,0
sumatriptan,CNS(=O)(=O)Cc1ccc2[nH]cc(CCN(C)C)c2c1,14,0
preclamol,CCCN1CCCC(c2cccc(O)c2)C1,4,0
bromopride,CCN(CC)CCN=C(O)c1cc(Br)c(N)cc1OC,67.5,1
metoclopramide,CCN(CC)CCN=C(O)c1cc(Cl)c(N)cc1OC,76,1
bupranolol,Cc1ccc(Cl)c(OCC(O)CNC(C)(C)C)c1,10,0
lidocaine,CCN(CC)CC(O)=Nc1c(C)cccc1C,35,0
atenolol,CC(C)NCC(O)COc1ccc(CC(=N)O)cc1,97,1
trimetazidine,COc1ccc(CN2CCNCC2)c(OC)c1OC,89,1
bucolome,CCCCC1C(=O)N(C2CCCCC2)C(=O)N=C1O,100,1
sematilide,CCN(CC)CCNC(=O)c1ccc(NS(C)(=O)=O)cc1,<50[2],0
xanomeline,CCCCCCOc1nsnc1C1=CCCN(C)C1,1,0
tapentadol,CCC(c1cccc(O)c1)C(C)CN(C)C,32,0
oseltamivir,CCC(CC)OC1C=C(C(=O)O)CC(N)C1N=C(C)O,79,1
amiprilose,CN(C)CCCOC1C(C(O)CO)OC2OC(C)(C)OC21,63,1
succinylcholine,C[N+](C)(C)CCOC(=O)CCC(=O)OCC[N+](C)(C)C,0,0
efavirenz,OC1=Nc2ccc(Cl)cc2C(C#CC2CC2)(C(F)(F)F)O1,42.5,0
tenidap,N=C(O)n1c(O)c(C(=O)c2cccs2)c2cc(Cl)ccc21,89,1
brotizolam,Cc1nnc2n1-c1sc(Br)cc1C(c1ccccc1Cl)=NC2,70,1
clonazepam,O=[N+]([O-])c1ccc2c(c1)C(c1ccccc1Cl)=NCC(O)=N2,98,1
phenindione,O=C1c2ccccc2C(=O)C1c1ccccc1,97,1
quercetin,O=c1c(O)c(-c2ccc(O)c(O)c2)oc2cc(O)cc(O)c12,1,0
nordazepam,OC1=Nc2ccc(Cl)cc2C(c2ccccc2)=NC1,50,1
thyroxine,NC(Cc1cc(I)c(Oc2cc(I)c(O)c(I)c2)c(I)c1)C(=O)O,65,1
nitrazepam,O=[N+]([O-])c1ccc2c(c1)C(c1ccccc1)=NCC(O)=N2,78,1
carprofen,CC(C(=O)O)c1ccc2c(c1)[nH]c1ccc(Cl)cc12,90,1
carbazepine-10,N=C(O)N1c2ccccc2C2OC2c2ccccc21,90,1
phenytoin,OC1=NN=C(O)C1(c1ccccc1)c1ccccc1,90,1
tucaresol,O=Cc1c(O)cccc1OCc1ccc(C(=O)O)cc1,>50[2],1
lumiracoxib,Cc1ccc(Nc2c(F)cccc2Cl)c(CC(=O)O)c1,74,1
flurbiprofen,CC(C(=O)O)c1ccc(-c2cccc(F)c2)cc1,92,1
piroxicam,CN1C(C(O)=Nc2ccccn2)=C(O)c2ccccc2S1(=O)=O,99,1
ketorolac,O=C(c1ccccc1)c1ccc2n1CCC2C(=O)O,99,1
cefaclor,NC(C(O)=NC1C(=O)N2C(C(=O)O)=C(Cl)CSC12)c1ccccc1,90,1
benzthiazide,NS(=O)(=O)c1cc2c(cc1Cl)N=CN(CSCc1ccccc1)S2(=O)=O,>50[2],1
zomepirac,Cc1cc(CC(=O)O)n(C)c1C(=O)c1ccc(Cl)cc1,100,1
flumazenil,CCOC(=O)c1ncn2c1CN(C)C(=O)c1cc(F)ccc1-2,16,0
eslicarbazepine,N=C(O)N1c2ccccc2CC(O)c2ccccc21,90,1
ceftibuten,N=c1[nH]c(C(=CCC(=O)O)C(O)=NC2C(=O)N3C(C(=O)O)=CCSC23)cs1,82.5,1
fenoprofen,CC(C(=O)O)c1cccc(Oc2ccccc2)c1,80,1
norzimeldine,CNCC=C(c1ccc(Br)cc1)c1cccnc1,66,1
xipamide,Cc1cccc(C)c1N=C(O)c1cc(S(N)(=O)=O)c(Cl)cc1O,73,1
modafinil,[NH2+]=C(O)CS(=O)C(c1ccccc1)c1ccccc1,80,1
tolmetin,Cc1ccc(C(=O)c2ccc(CC(=O)O)n2C)cc1,95,1
adrafinil,O=S(CC(O)=[NH+]O)C(c1ccccc1)c1ccccc1,80,1
nabumetone,COc1ccc2cc(CCC(C)=O)ccc2c1,35,0
ticarcillin,CC1(C)SC2C(N=C([O-])C(C(=O)[O-])c3ccsc3)C([O-])N2C1C(=O)O,0,0
agomelatine,COc1ccc2cccc(CCN=C(C)O)c2c1,5,0
chlorpheniramine,CN(C)CCN(c1ccc(Cl)cc1)c1ccccn1,41,0
pirlindole,Cc1ccc2c(c1)c1c3n2CCNC3CCC1,20,0
ramixotidine,CN(C)c1ccc(CSCCN=C(O)c2ccc[n+]([O-])c2)o1,60,1
rizatriptan,CN(C)CCc1c[nH]c2ccc(Cn3cncn3)cc12,45,0
ximoprofen,CC(C(=O)O)c1ccc(C2CCCC(=NO)C2)cc1,98,1
fenspiride,OC1=NCC2(CCN(CCc3ccccc3)CC2)O1,90,1
fluvoxamine,COCCCCC(=NOCCN)c1ccc(C(F)(F)F)cc1,53,1
primaquine,COc1cc(NC(C)CCCN)c2ncccc2c1,96,1
ketobemidone,CCC(=O)C1(c2cccc(O)c2)CCN(C)CC1,34,0
meperidine,CCOC(=O)C1(c2ccccc2)CCN(C)CC1,52,1
capecitabine,CCCCCOC(O)=Nc1nc(=O)n(C2OC(C)C(O)C2O)cc1F,100,1
milnacipran,CCN(CC)C(=O)C1(c2ccccc2)CC1CN,84,1
mepindolol,Cc1cc2c(OCC(O)CNC(C)C)cccc2[nH]1,82,1
nipradilol,CC(C)NCC(O)COc1cccc2c1OCC(O[N+](=O)[O-])C2,35,0
s-adenosylmethionine,C[S+](CCC(N)C(=O)O)CC1OC(n2cnc3c(N)ncnc32)C(O)C1O,<50[2],0
gemfibrozil,Cc1ccc(C)c(OCCCC(C)(C)C(=O)O)c1,98,1
n-acetylprocainamide,CCN(CC)CCNC(=O)c1ccc(N=C(C)O)cc1,83,1
amdinocillin,CC1(C)SC2C(N=CN3CCCCCC3)C(=O)N2C1C(=O)O,5,0
cyclacillin,CC1(C)SC2C(N=C(O)C3(N)CCCCC3)C(=O)N2C1C(=O)O,>80[1],1
sulpiride,CCN1CCC(CN=C(O)c2cc(S(N)(=O)=O)ccc2OC)C1,27,0
meptazinol,CCC1(c2cccc(O)c2)CCCCN(C)C1,9,0
alprenolol,C=CCc1ccccc1OCC(O)CNC(C)C,8,0
oxprenolol,C=CCOc1ccccc1OCC(O)CNC(C)C,44,0
tiapride,CCN(CC)CCN=C(O)c1cc(S(C)(=O)=O)ccc1OC,75,1
recainam,Cc1cccc(C)c1NC(O)=NCCCNC(C)C,73,1
metoprolol,COCCc1ccc(OCC(O)CNC(C)C)cc1,38,0
peramivir,CCC(CC)C(N=C(C)O)C1C(NC(=N)N)CC(C(=O)O)C1O,≈0[1],0
marimastat,CN=C(O)C(N=C(O)C(CC(C)C)C(O)C(O)=NO)C(C)(C)C,>80[1],1
ataluren,O=C(O)c1cccc(-c2noc(-c3ccccc3F)n2)c1,>80[1],1
estazolam,Clc1ccc2c(c1)C(c1ccccc1)=NCc1nncn1-2,93,1
cinchophen,O=C(O)c1cc(-c2ccccc2)nc2ccccc12,>80[1],1
lormetazepam,CN1C(=O)C(O)N=C(c2ccccc2Cl)c2cc(Cl)ccc21,75,1
fludiazepam,CN1C(=O)CN=C(c2ccccc2F)c2cc(Cl)ccc21,>50[2],1
benoxaprofen,CC(C(=O)O)c1ccc2oc(-c3ccc(Cl)cc3)nc2c1,95,1
diazepam,CN1C(=O)CN=C(c2ccccc2)c2cc(Cl)ccc21,99,1
clobazam,CN1C(=O)CC(=O)N(c2ccccc2)c2cc(Cl)ccc21,90,1
nimetazepam,CN1C(=O)CN=C(c2ccccc2)c2cc([N+](=O)[O-])ccc21,95,1
mebendazole,COC(O)=Nc1nc2ccc(C(=O)c3ccccc3)cc2[nH]1,22,0
chlordiazepoxide,CN=C1C[N+]([O-])=C(c2ccccc2)c2cc(Cl)ccc2N1,99,1
lansoprazole,Cc1c(OCC(F)(F)F)cc[nH+]c1CS(=O)c1nc2ccccc2[nH]1,81,1
valdecoxib,Cc1onc(-c2ccccc2)c1-c1ccc(S(N)(=O)=O)cc1,83,1
fenbufen,O=C(O)CCC(=O)c1ccc(-c2ccccc2)cc1,78,1
clotiazepam,CCc1cc2c(s1)N(C)C(=O)CN=C2c1ccccc1Cl,2.5,0
pantoprazole,COc1cc[nH+]c(CS(=O)c2nc3ccc(OC(F)F)cc3[nH]2)c1OC,77,1
sitagliptin,NC(CC(=O)N1CCn2c(nnc2C(F)(F)F)C1)Cc1cc(F)c(F)cc1F,87,1
atreleuton,CC(C#Cc1ccc(Cc2ccc(F)cc2)s1)N(O)C(=N)O,>50[2],1
fosphenytoin,O=C1N(COP(=O)(O)O)C(O)=NC1(c1ccccc1)c1ccccc1,≈0[1],0
epinastine,N=C1NCC2c3ccccc3Cc3ccccc3N12,40,0
nevirapine,Cc1cccc2c1N=C(O)c1cccnc1N2C1CC1,93,1
apomorphine,Oc1ccc2c(c1O)-c1cccc3c1C(C2)NCC3,10,0
indapamide,CC1Nc2ccccc2C1N=C(O)c1ccc(Cl)cc1S(N)(=O)=O,90,1
metolazone,Cc1ccccc1N1C(=O)c2cc(S(N)(=O)=O)c(Cl)cc2NC1C,65,1
clopidogrel,COC(=O)C(c1ccccc1Cl)N1CCc2sccc2C1,50,1
fenoldopam,Oc1ccc(C2CNCCc3c2cc(O)c(O)c3Cl)cc1,6,0
daltroban,O=C(O)Cc1ccc(CCNS(=O)(=O)c2ccc(Cl)cc2)cc1,>80[1],1
febuxostat,Cc1nc(-c2ccc(OCC(C)C)c(C#N)c2)sc1C(=O)O,84,1
cephalothin,CC(=O)OCC1=C(C(=O)O)N2C(=O)C(N=C(O)Cc3cccs3)C2SC1,0,0
cefuroxime,CON=C(C(O)=NC1C(=O)N2C(C(=O)O)=C(COC(=N)O)CSC12)c1ccco1,32,0
zimeldine,CN(C)CC=C(c1ccc(Br)cc1)c1cccnc1,29,0
cephalexin,CC1=C(C(=O)O)N2C(=O)C(N=C(O)C(N)c3ccccc3)C2SC1,90,1
cefadroxil,CC1=C(C(=O)O)N2C(=O)C(N=C(O)C(N)c3ccc(O)cc3)C2SC1,95,1
cefoxitin,COC1(N=C(O)Cc2ccsc2)C(=O)N2C(C(=O)O)=C(COC(=N)O)CSC21,0,0
cefotaxime,CON=C(C(=O)NC1C(=O)N2C(C(=O)O)=C(COC(C)=O)CSC12)c1csc(=N)[nH]1,0,0
loracarbef,NC(CNC1C(=O)N2C(C(=O)O)=C(Cl)CCC12)c1ccccc1,94,1
retigabine,CCOC(O)=Nc1ccc(NCc2ccc(F)cc2)cc1N,60,1
norfloxacin,CCn1cc(C(=O)O)c(=O)c2cc(F)c(N3CCNCC3)cc21,35,0
nomifensine,CN1Cc2c(N)cccc2C(c2ccccc2)C1,27,0
penicillin_g,CC1(C)SC2C(N=C(O)Cc3ccccc3)C(=O)N2C1C(=O)O,30,0
penicillin_v,CC1(C)SC2C(N=C(O)COc3ccccc3)C(=O)N2C1C(=O)O,60,1
tenatoprazole,COc1ccc2nc(S(=O)Cc3[nH+]cc(C)c(OC)c3C)[nH]c2n1,77,1
brompheniramine,CN(C)CCC(c1ccc(Br)cc1)c1ccccn1,89,1
ampicillin,CC1(C)SC2C(N=C(O)C(N)c3ccccc3)C(=O)N2C1C(=O)O,62,1
cephradine,CC1=C(C(=O)O)N2C(=O)C(N=C(O)C(N)C3=CCC=CC3)C2SC1,94,1
amoxicillin,CC1(C)SC2C(N=C(O)C(N)c3ccc(O)cc3)C(=O)N2C1C(=O)O,93,1
tripamide,NS(=O)(=O)c1cc(C(O)=NN2CC3C4CCC(C4)C3C2)ccc1Cl,80,1
linezolid,CC(O)=NCC1CN(c2ccc(N3CCOCC3)c(F)c2)C(=O)O1,100,1
itasetron,CN1C2CCC1CC(N=C(O)n1c(O)nc3ccccc31)C2,64,1
azapropazone,CCCC1C(=O)N2C(N(C)C)=Nc3ccc(C)cc3N2C1=O,83,1
torasemide,Cc1cccc(N=c2cc[nH]cc2S(=O)(=O)NC(O)=NC(C)C)c1,80,1
zolmitriptan,CN(C)CCc1c[nH]c2ccc(CC3COC(O)=N3)cc12,45,0
alizapride,C=CCN1CCCC1CN=C(O)c1cc2[nH]nnc2cc1OC,84,1
cefminox,COC1(N=C(O)CSCC(N)C(=O)O)C(=O)N2C(C(=O)O)=C(CSc3nnnn3C)CSC21,≈0[1],0
propranolol,CC(C)NC(C)C(O)c1cccc2ccccc12,26,0
ramelteon,CCC(O)=NCCC1CCc2ccc3c(c21)CCO3,2,0
nortilidine,CCOC(=O)C1(c2ccccc2)CCC=CC1NC,99,1
rolipram,COc1ccc(C2CN=C(O)C2)cc1OC1CCCC1,75,1
melperone,CC1CCN(CCCC(=O)c2ccc(F)cc2)CC1,60,1
procaterol,CCC(NC(C)C)C(O)c1ccc(O)c2nc(O)ccc12,40,0
thyrotropin,N=C(O)C1CCCN1C(=O)C(Cc1cnc[nH]1)N=C(O)C1CCC(O)=N1,<50[2],0
tegaserod_maleate,CCCCCNC(=N)NN=Cc1c[nH]c2ccc(OC)cc12,11,0
tolperisone,Cc1ccc(C(=O)C(C)CN2CCCCC2)cc1,17,0
oxymetazoline,Cc1cc(C(C)(C)C)c(O)c(C)c1CC1=NCCN1,11,0
propiram,CCC(=O)N(c1ccccn1)C(C)CN1CCCCC1,97,1
ropinirole,CCCNC(Cc1cccc2c1CC(O)=N2)NCCC,55,1
tertatolol,CC(C)(C)NCC(O)COc1cccc2c1SCCC2,60,1
artemether,COC1OC2OC3(C)CCC4C(C)CCC(C1C)C24OO3,58,1
oseltamivir,CCOC(=O)C1=CC(OC(CC)CC)C(N=C(C)O)C(N)C1,75,1
quazepam,Fc1ccccc1C1=NCC(=S)N(CC(F)(F)F)c2ccc(Cl)cc21,32,0
letrozole,N#Cc1ccc(C(c2ccc(C#N)cc2)n2cncn2)cc1,99,1
triazolam,CC1=NNC2=CN=C(c3ccccc3Cl)c3cc(Cl)ccc3N21,44,0
pirazolac,O=C(O)Cc1nn(-c2ccc(F)cc2)cc1-c1ccc(Cl)cc1,93.5,1
celecoxib,Cc1ccc(-c2cc(C(F)(F)F)nn2-c2ccc(S(N)(=O)=O)cc2)cc1,>50[2],1
rosoxacin,CCn1cc(C(=O)O)c(=O)c2ccc(-c3ccncc3)cc21,64,1
rofecoxib,CS(=O)(=O)c1ccc(C2=C(c3ccccc3)C(=O)OC2)cc1,93,1
ciclazindol,OC1(c2cccc(Cl)c2)C2=NCCCN2c2ccccc21,>80[1],1
balsalazide,O=C(O)CCNC(=O)c1ccc(NN=C2C=CC(=O)C(C(=O)O)=C2)cc1,1,0
zaleplon,CCN(C(C)=O)c1cccc(-c2ccnc3c(C#N)cnn23)c1,31,0
progabide,N=C(O)CCCNC(=C1C=C(F)C=CC1=O)c1ccc(Cl)cc1,60,1
amoxapine,Clc1ccc2c(c1)C(N1CCNCC1)=Nc1ccccc1O2,36,0
mefloquine,OC(c1cc(C(F)(F)F)nc2c(C(F)(F)F)cccc12)C1CCCCN1,80,1
sertraline,CNC1CCC(c2ccc(Cl)c(Cl)c2)c2ccccc21,44,0
etifoxine,CCN=C1Nc2ccc(Cl)cc2C(C)(c2ccccc2)O1,<50[2],0
zopiclone,CN1CCN(C(=O)OC2c3nccnc3C(=O)N2c2ccc(Cl)cn2)CC1,80,1
griseofulvin,COC1=CC(=O)CC(C)C12Oc1c(Cl)c(OC)cc(OC)c1C2=O,>50[2],1
cephapirin,CC(=O)OCC1=C(C(=O)O)N2C(=O)C(N=C(O)CSc3ccncc3)C2SC1,0,0
fleroxacin,CN1CCN(c2c(F)cc3c(=O)c(C(=O)O)cn(CCF)c3c2F)CC1,99,1
nifedipine,COC(=O)C1=C(C)NC(C)=C(OC(C)=O)C1c1ccccc1[N+](=O)[O-],49,0
carbenicillin,CC1(C)SC2C(N=C(O)C(C(=O)O)c3ccccc3)C(=O)N2C1C(=O)O,35,0
chlorpromazine,CN(C)CCCN1c2ccccc2Sc2ccc(Cl)cc21,25,0
lomefloxacin,CCn1cc(C(=O)O)c(=O)c2cc(F)c(N3CCNC(C)C3)c(F)c21,97,1
safinamide,CC(NCc1ccc(OCc2cccc(F)c2)cc1)C(=N)O,80,1
mirtazapine,CN1CCN2c3ncccc3Cc3ccccc3C2C1,49,0
phentolamine,Cc1ccc(N(CC2=NCCN2)c2cccc(O)c2)cc1,≈0[1],0
anastrozole,CC(C)(C#N)c1cc(Cn2cncn2)cc(C(C)(C)C#N)c1,80,1
piritrexim,COc1ccc(OC)c(Cc2cnc3c(C)c(=N)[nH]c(N)c3n2)c1,68,1
pixantrone,NCCNc1ccc(NCCN)c2c1C(=O)c1ccncc1C2=O,≈0[1],0
nefopam,CN1CCOC(c2ccccc2)c2ccccc2C1,36,0
hydromorphone,CN1CCC23c4c5ccc(O)c4OC2C(=O)CCC3C1C5,42,0
oxymorphone,CN1CCC23c4c5ccc(O)c4OC2C(=O)CCC3(O)C1C5,10,0
bromodiphenhydramine,CN(C)CCOC(c1ccccc1)c1ccc(Br)cc1,65,1
azasetron,CN1C(=O)COc2c(C(O)=NC3CN4CCC3CC4)cc(Cl)cc21,90,1
flecainide,OC(=NCC1CCCCN1)c1cc(OCC(F)(F)F)ccc1OCC(F)(F)F,70,1
pefloxacin,CCn1cc(C(=O)O)c(=O)c2cc(F)c(N3CCN(C)CC3)cc21,90,1
bumetanide,CCCCNc1cc(C(=O)O)cc(S(N)(=O)=O)c1Oc1ccccc1,90,1
phenethicillin,CC(Oc1ccccc1)C(O)=NC1C(=O)N2C1SC(C)(C)C2C(=O)O,86,1
promethazine,CC(CN1c2ccccc2Sc2ccccc21)N(C)C,25,0
promazine,CN(C)CCCN1c2ccccc2Sc2ccccc21,16.25,0
olanzapine,Cc1cc2c(s1)Nc1ccccc1N=C2N1CCN(C)CC1,60,1
Mycophenolic acid ,COc1c(C)c2c(c(O)c1CC=C(C)CCC(=O)O)C(=O)OC2,94,1
atomoxetine,CNCCC(Oc1ccccc1C)c1ccccc1,94,1
ritodrine,CC(NCCc1ccc(O)cc1)C(O)c1ccc(O)cc1,30,0
galantamine,COc1ccc2c3c1OC1CC(O)C=CC31CCN(C)C2,99,1
fenoterol,CC(Cc1ccc(O)cc1)NC(O)Cc1cc(O)cc(O)c1,2,0
cocaine,COC(=O)C1C(OC(=O)c2ccccc2)CC2CCC1N2C,57,1
scopolamine,CN1C2CC(OC(=O)C(CO)c3ccccc3)CC1C1OC12,27,0
etodolac,CCc1cccc2c1NC1C2CCOC1(CC(=O)O)CC(=O)O,90,1
doxylamine,CN(C)CCOC(C)(c1ccccc1)c1ccccn1,24.700001,0
tesofensine,CCOCC1C(c2ccc(Cl)c(Cl)c2)CC2CCC1N2C,90,1
bisaramil,CCN1CC2CN(C)CC(C1)C2OC(=O)c1ccc(Cl)cc1,56,1
orbofiban,CCOC(=O)CCN=C(O)NC1CCN(c2ccc(C(=N)N)cc2)C1=O,9,0
tilidine,CCOC(=O)C1(c2ccccc2)CCC=CC1N(C)C,<50[2],0
atropine,CN1C2CCC1CC(OC(=O)C(CO)c1ccccc1)C2,50,1
hydroxychloroquine,CCN(CCO)CCC(C)Nc1ccnc2cc(Cl)ccc12,74,1
vildagliptin,N#CC1CCCN1C(=O)CNC12CC3CC(CC(O)(C3)C1)C2,85,1
naratriptan,CNS(=O)(=O)CCc1ccc2[nH]c(C3CCN(C)CC3)cc2c1,69,1
meropenem,CC(O)C1C(=O)N2C(C(=O)O)=C(SC3CCC(C(=O)N(C)C)N3)C(C)C12,0,0
bufuralol,CCc1cccc2c1CC(C(O)CNC(C)(C)C)=C2,46,0
buflomedil,COc1cc(OC)c(C(=O)CCCN2CCCC2)c(OC)c1,65,1
roxatidine,OCC(O)=NCCCOc1cccc(CN2CCCCC2)c1,95,1
emedastine,CCOCCn1c(N2CCCN(C)CC2)nc2ccccc21,50,1
amisulpride,CCN1CCCC1CN=C(O)c1cc(S(=O)(=O)CC)c(N)cc1OC,48,0
venlafaxine,COc1ccc(C(CN(C)C)C2(O)CCCCC2)cc1,45,0
metipranolol,CC(=O)Oc1c(C)cc(OCC(O)CNC(C)C)c(C)c1C,>50[2],1
nadolol,CC(C)(C)NCC(O)COc1cccc2c1CC(O)C(O)C2,30,0
etidocaine,CCCN(CC)C(CC)C(O)=Nc1c(C)cccc1C,0,0
perindoprilate,CCCC(NC(C)C(=O)N1C(C(=O)O)CC2CCCCC21)C(=O)O,25,0
anisotropine,CCCC(CCC)C(=O)OC1CC2CCC(C1)[N+]2(C)C,17.5,0
midazolam,Cc1ncc2n1-c1ccc(Cl)cc1C(c1ccccc1F)=NC2,44,0
cinolazepam,N#CCCN1C(=O)C(O)N=C(c2ccccc2F)c2cc(Cl)ccc21,95,1
pinazepam,C#CCN1C(=O)CN=C(c2ccccc2)c2cc(Cl)ccc21,40,0
miconazole,Clc1ccc(COC(Cn2ccnc2)c2ccc(Cl)cc2Cl)c(Cl)c1,25,0
indomethacin,COc1ccc2c(c1)c(CC(=O)O)cn2C(=O)c1ccc(Cl)cc1,100,1
bicalutamide,CC(O)(CS(=O)(=O)c1ccc(F)cc1)C(O)=Nc1ccc(C#N)c(C(F)(F)F)c1,100,1
sulfasalazine,O=C(O)c1cc(N=Nc2ccc(S(=O)(=O)Nc3ccccn3)cc2)ccc1O,15,0
etoricoxib,Cc1ccc(-c2ncc(Cl)cc2-c2ccc(S(C)(=O)=O)cc2)cn1,99,1
sitaxentan,Cc1cc2c(cc1CC(=O)c1sccc1S(=O)(=O)Nc1onc(C)c1Cl)OCO2,70,1
oxaprozin,O=C(O)CCc1nc(-c2ccccc2)c(-c2ccccc2)o1,98,1
roquinimex,CN(C(=O)c1c(O)c2ccccc2n(C)c1=O)c1ccccc1,99,1
phenprocoumon,CCC(c1ccccc1)c1c(O)c2ccccc2oc1=O,100,1
ridogrel,O=C(O)CCCCON=C(c1cccnc1)c1cccc(C(F)(F)F)c1,90,1
indobufen,CCC(C(=O)O)c1ccc(N2Cc3ccccc3C2=O)cc1,85,1
zotepine,CN(C)CCOC1=Cc2ccccc2Sc2ccc(Cl)cc21,10,0
pleconaril,Cc1cc(CCCOc2c(C)cc(-c3noc(C(F)(F)F)n3)cc2C)on1,70,1
cibenzoline,c1ccc(C2(c3ccccc3)CC2C2=NCCN2)cc1,86,1
proquazone,Cc1ccc2c(-c3ccccc3)nc(=O)n(C(C)C)c2c1,7,0
cefamandole,Cn1nnnc1SCC1=C(C(=O)O)N2C(=O)C(N=C(O)C(O)c3ccccc3)C2SC1,96,1
cefatrizine,NC(C(O)=NC1C(=O)N2C(C(=O)O)=C(CSc3cnn[nH]3)CSC12)c1ccc(O)cc1,66,1
ceftriaxone,CON=C(C(=O)NC1C(=O)N2C(C(=O)O)=C(CSc3nc(=O)c(=O)[nH]n3C)CSC12)c1csc(=N)[nH]1,0,0
clozapine,CN1CCN(C2=Nc3cc(Cl)ccc3Nc3ccccc32)CC1,55,1
rosiglitazone,CN(CCOc1ccc(CC2SC(=O)N=C2O)cc1)c1ccccn1,99,1
cefprozil,CC=CC1=C(C(=O)O)N2C(=O)C(N=C(O)C(N)c3ccc(O)cc3)C2SC1,90,1
duloxetine,CNCCC(Oc1cccc2ccccc12)c1cccs1,50,1
ofloxacin,CC1COc2c(N3CCN(C)CC3)c(F)cc3c(=O)c(C(=O)O)cn1c23,100,1
gemifloxacin,CON=C1CN(c2nc3c(cc2F)c(=O)c(C(=O)O)cn3C2CC2)CC1CN,71,1
nitrendipine,CCOC(=O)C1=C(C)NC(C)=C(C(=O)OC)C1c1cccc([N+](=O)[O-])c1,16.5,0
desoxypipradrol,c1ccc(C(c2ccccc2)C2CCCCN2)cc1,90,1
dibenzepin,CN(C)CCN1C(=O)c2ccccc2N(C)c2ccccc21,25,0
rabeprazole,COCCCOc1cc[nH+]c(CS(=O)c2nc3ccccc3[nH]2)c1C,52,1
prinomastat,CC1(C)SCCN(S(=O)(=O)c2ccc(Oc3ccncc3)cc2)C1C(O)=NO,>80[1],1
amocarzine,CN1CCN(C(=S)Nc2ccc(Nc3ccc([N+](=O)[O-])cc3)cc2)CC1,40,0
codeine,COc1ccc2c3c1OC1C(O)C=CC4C(C2)N(C)CCC341,50,1
oxycodone,COc1ccc2c3c1OC1C(=O)CCC4(O)C(C2)N(C)CCC314,>50[2],1
cyclizine,CN1CCN(C(c2ccccc2)c2ccccc2)CC1,75,1
desipramine,CNCCCN1c2ccccc2CCc2ccccc21,<50[2],0
carazolol,CC(C)NCC(O)COc1cccc2[nH]c3ccccc3c12,10,0
tropisetron,CN1C2CCC1CC(OC(=O)c1cn(C)c3ccccc13)C2,66,1
xemilofiban,C#CC(CC(=O)OCC)N=C(O)CCC(=O)Nc1ccc(C(=N)N)cc1,13,0
trimetrexate,COc1cc(NCc2cnc3[nH]c(=N)[nH]c(=N)c3c2C)cc(OC)c1OC,45,0
thiazinamium,CC(CN1c2ccccc2Sc2ccccc21)[N+](C)(C)C,10,0
reproterol,Cn1c(=O)c2c(ncn2CCCNCC(O)c2cc(O)cc(O)c2)n(C)c1=O,50,1
orphenadrine,Cc1ccccc1C(OCCN(C)C)c1ccccc1,90,1
bifemelane,CNCCCCOc1ccccc1Cc1ccccc1,13,0
isoxsuprine,CC(COc1ccccc1)NC(C)C(O)c1ccc(O)cc1,2.2,0
dihydrocodeine,COc1ccc2c3c1OC1C(O)CCC4C(C2)N(C)CCC341,20,0
pentopril,CCOC(=O)C(C)CC(C)C(=O)N1c2ccccc2CC1C(=O)O,58,1
pancopride,Nc1cc(OCC2CC2)c(C(O)=NC2CN3CCC2CC3)cc1Cl,82,1
enalapril,CC(NC(CCc1ccccc1)C(=O)O)C(=O)N1CCCC1C(=O)O,>50[2],1
estradiol,CC12CCC3c4ccc(O)cc4CCC3C1CCC2O,5,0
dextromethorphan,COc1ccc2c(c1)C13CCCCC1C(C2)N(C)CC3,11,0
chloroquine,CCN(CC)CCCCN(C)c1ccnc2cc(Cl)ccc12,80,1
almokalant,CCCS(=O)CCCN(CC)CC(O)COc1ccc(C#[NH+])cc1,55,1
acebutolol,CCCC(O)=Nc1ccc(OCC(O)CNC(C)C)c(C(C)=O)c1,37,0
penbutolol,CC(C)(C)NCC(O)COc1ccccc1C1CCCC1,93,1
bisoprolol,CC(C)NCC(O)COc1ccc(COCCOC(C)C)cc1,90,1
raffinose,OCC1OC(OCC2OC(OC3(CO)OC(CO)C(O)C3O)C(O)C(O)C2O)C(O)C(O)C1O,0,0
clindamycin,CCCC1CC(C(O)=NC(C(C)Cl)C2OC(SC)C(O)C(O)C2O)N(C)C1,87,1
lincomycin,CCCC1CC(C(O)=NC(C(C)O)C2OC(SC)C(O)C(O)C2O)N(C)C1,25,0
tobramycin,NCC1OC(OC2C(N)CC(N)C(OC3OC(CO)C(O)C(N)C3O)C2O)C(N)CC1O,1,0
zopolrestat,O=C(O)Cc1nn(Cc2nc3cc(C(F)(F)F)ccc3s2)c(=O)c2ccccc12,45,0
diacerein,CC(=O)Oc1cccc2c1C(=O)c1c(OC(C)=O)cc(C(=O)O)cc1C2=O,35,0
rebamipide,O=C(NC(Cc1cc(O)nc2ccccc12)C(=O)O)c1ccc(Cl)cc1,5,0
acenocoumarol,CC(=O)CC(c1ccc([N+](=O)[O-])cc1)c1c(O)c2ccccc2oc1=O,60,1
flutoprazepam,O=C1CN=C(c2ccccc2F)c2cc(Cl)ccc2N1CC1CC1,>50[2],1
warfarin,CC(=O)CC(c1ccccc1)c1c(O)c2ccccc2oc1=O,93,1
halofenate,CC(O)=NCCOC(=O)C(Oc1cccc(C(F)(F)F)c1)c1ccc(Cl)cc1,>80[1],1
laquinimod,CCN(C(=O)c1c(O)c2c(Cl)cccc2n(C)c1=O)c1ccccc1,82,1
cephaloridine,O=C([O-])C1=C(C[n+]2ccccc2)CSC2C(N=C(O)Cc3cccs3)C(=O)N12,≈0[1],0
nafamostat,N=C(N)Nc1ccc(C(=O)Oc2ccc3cc(C(=N)N)ccc3c2)cc1,≈0[1],0
nedocromil,CCCc1c2oc(C(=O)O)cc(=O)c2cc2c(=O)cc(C(=O)O)n(CC)c12,3,0
sitafloxacin,NC1CN(c2c(F)cc3c(=O)c(C(=O)O)cn(C4CC4F)c3c2Cl)CC12CC2,89,1
camazepam,CN(C)C(=O)OC1N=C(c2ccccc2)c2cc(Cl)ccc2N(C)C1=O,90,1
dicloxacillin,Cc1onc(-c2ccccc2Cl)c1C(O)=NC1C(=O)N2C1SC(C)(C)C2C(=O)O,40,0
rivaroxaban,O=C(NCC1CN(c2ccc(N3CCOCC3=O)cc2)C(=O)O1)c1ccc(Cl)s1,80,1
adinazolam,CN(C)Cc1nnc2n1-c1ccc(Cl)cc1C(c1ccccc1)=NC2,39,0
tetomilast,CCOc1ccc(-c2nc(-c3cccc(C(=O)O)n3)cs2)cc1OCC,100,1
cefditoren,CON=C(C(=O)NC1C(=O)N2C(C(=O)O)=C(C=Cc3scnc3C)CSC12)c1csc(=N)[nH]1,14,0
desloratadine,Clc1ccc2c(c1)CCc1cccnc1C2=C1CCNCC1,>80[1],1
oxacillin,Cc1onc(-c2ccccc2)c1C(O)=NC1C(=O)N2C1SC(C)(C)C2C(=O)O,33,0
folic_acid,N=c1nc(O)c2nc(CNc3ccc(C(=O)NC(CCC(=O)O)C(=O)O)cc3)cnc2[nH]1,75,1
ketotifen,CN1CCC(=C2c3ccccc3CC(=O)c3sccc32)CC1,60,1
phenylbutazone,CCCCC1C(=O)C(=O)N(c2ccccc2)N1c1ccccc1,90,1
dolasetron,O=C(OC1CC2CC3CC(C1)N2CC3=O)c1c[nH]c2ccccc12,75,1
protriptyline,CNCCCC1c2ccccc2C=Cc2ccccc21,85,1
nortriptyline,CNCCC=C1c2ccccc2CCc2ccccc21,51,1
isradipine,COC(=O)C1=C(C)NC(C)=C(C(=O)OC(C)C)C1c1cccc2nonc12,19.5,0
cyamemazine,CC(CN(C)C)CN1c2ccccc2Sc2ccc(C#N)cc21,10,0
pirenzepine,CN1CCN(CC(=O)N2c3ccccc3C(O)=Nc3cccnc32)CC1,14,0
bezafibrate,CC(C)(Oc1ccc(CCN=C(O)c2ccccc2)cc1)C(=O)O,99,1
naloxone,C=CCN1CCC23c4c5ccc(O)c4OC2C(=O)CCC3(O)C1C5,2,0
dothiepin,CN(C)CCC=C1c2ccccc2CSc2ccccc21,30,0
pizotyline,CN1CCC(=C2c3ccccc3CCc3sccc32)CC1,78,1
clamikalant,CN=C(S)NS(=O)(=O)c1cc(CCN=C(O)c2cc(Cl)ccc2OC)ccc1OC,86,1
trazodone,O=c1n(CCCN2CCN(c3cccc(Cl)c3)CC2)nc2ccccn12,81,1
gatifloxacin,COc1c(N2CCNC(C)C2)c(F)cc2c(=O)c(C(=O)O)cn(C3CC3)c12,96,1
triprolidine,Cc1ccc(C(=CCN2CCCC2)c2ccccn2)cc1,4,0
acepromazine,CC(=O)c1ccc2c(c1)N(CCCN(C)C)c1ccccc1S2,49,0
telenzepine,Cc1scc2c1N(C(=O)CN1CCN(C)CC1)c1ccccc1N=C2O,54,1
iclaprim,COc1cc(Cc2c[nH]c(=N)[nH]c2=N)c2c(c1OC)OC(C1CC1)C=C2,41,0
tiotropium,C[N+]1(C)C2CC(OC(=O)C(O)(c3cccs3)c3cccs3)CC1C1OC12,2.5,0
clomipramine,CN(C)CCCN1c2ccccc2CCc2ccc(Cl)cc21,51,1
benzydamine,CN(C)CCCOc1nn(Cc2ccccc2)c2ccccc12,87,1
doxepin,CN(C)CCCC1c2ccccc2COc2ccccc21,30,0
imipramine,CN(C)CCCN1c2ccccc2CCc2ccccc21,42,0
palonosetron,O=C1c2cccc3c2C(CCC3)CN1C1CN2CCC1CC2,97,1
praziquantel,O=C(C1CCCCC1)N1CC(=O)N2CCc3ccccc3C2C1,7,0
labetalol,CC(CCc1ccccc1)NCC(O)c1ccc(O)c(C(=N)O)c1,25,0
omapatrilat,O=C(O)C1CCCC2SCCC(N=C(O)C(S)Cc3ccccc3)C(=O)N21,30,0
levomepromazine,COc1ccc2c(c1)N(CC(C)CN(C)C)c1ccccc1S2,50,1
ethopropazine,CCN(CC)C(C)CN1c2ccccc2Sc2ccccc21,5,0
pentamidine,N=C(N)c1ccc(OCCCCCOc2ccc(C(=N)N)cc2)cc1,0,0
bortezomib,CC(C)CC(N=C(O)C(Cc1ccccc1)N=C(O)c1cnccn1)B(O)O,0,0
ergonovine,CC(CO)N=C(O)C1CC2c3cccc4[nH]cc(c34)CC2N(C)C1,50,1
pergolide,CCCN1CC(CSC)CC2c3cccc4[nH]cc(c34)CC21,38,0
oxitropium,CC[N+]1(C)C2CC(OC(=O)C(CO)c3ccccc3)CC1C1OC12,1,0
dofetilide,CN(CCOc1ccc(NS(C)(=O)=O)cc1)CCc1ccc(NS(C)(=O)=O)cc1,96,1
bunazosin,CCCC(=O)N1CCCN(c2nc3cc(OC)c(OC)cc3c(=N)[nH]2)CC1,45,0
alfuzosin,COc1cc2nc(N(C)CCCN=C(O)C3CCCO3)[nH]c(=N)c2cc1OC,55,1
pentazocine,CC(C)=CCN1CCC2(C)c3cc(O)ccc3CC1C2C,18,0
tetrabenazine,COc1cc2c(cc1OC)C1CC(=O)C(CC(C)C)CN1CC2,5,0
nateglinide,CC(C)C1CCC(C(O)=NC(Cc2ccccc2)C(=O)O)CC1,73,1
glycopyrrolate,C[N+]1(C)CCC(OC(=O)C(O)(c2ccccc2)C2CCCC2)C1,17,0
testosterone,CC12CCC(=O)C=C1CCC1C2CCC2(C)C(O)CCC12,4,0
gepirone,CC1(C)CC(=O)N(CCCCN2CCN(c3ncccn3)CC2)C(=O)C1,15,0
procyclidine,OC(CCN1CCCC1)(c1ccccc1)C1CCCCC1,75,1
oxandrolone,CC12COC(=O)CC1CCC1C2CCC2(C)C1CCC2(C)O,97,1
idebenone,COC1=C(OC)C(=O)C(CCCCCCCCCCO)=C(C)C1=O,≈0[1],0
bencyclane,CN(C)CCCOC1(Cc2ccccc2)CCCCCC1,51,1
tedisamil,C1CCC2(C1)C1CN(CC3CC3)CC2CN(CC2CC2)C1,50,1
perindopril,CCCC(NC(C)C(=O)N1C(C(=O)O)CC2CCCCC21)C(=O)OCC,>50[2],1
fingolimod,CCCCCCCCc1ccc(CCC(N)(CO)CO)cc1,<50[2],0
perhexiline,C1CCC(C(CC2CCCCN2)C2CCCCC2)CC1,73.5,1
dicyclomine,CCN(CC)CCOC(=O)C1(C2CCCCC2)CCCCC1,67,1
sertaconazole,Clc1ccc(C(Cn2ccnc2)OCc2csc3c(Cl)cccc23)c(Cl)c1,0,0
vatalanib,Clc1ccc(Nc2nnc(Cc3ccncc3)c3ccccc23)cc1,18,0
trovafloxacin,NC1C2CN(c3nc4c(cc3F)c(=O)c(C(=O)O)cn4-c3ccc(F)cc3F)CC12,91,1
sulindac,CC1=C(CC(O)=[OH+])c2cc(F)ccc2C1=Cc1ccc(S(C)=O)cc1,88,1
prasugrel,CC(=O)Oc1cc2c(s1)CCN(C(C(=O)C1CC1)c1ccccc1F)C2,70,1
cefodizime,CON=C(C(=O)NC1C(=O)N2C(C(=O)O)=C(CSc3nc(C)c(CC(=O)O)s3)CSC12)c1csc(=N)[nH]1,0,0
latamoxef,COC1(N=C(O)C(C(=O)O)c2ccc(O)cc2)C(=O)N2C(C(=O)O)=C(CSc3nnnn3C)COC21,3,0
citalopram,CN(C)CCCC1(c2ccc(F)cc2)OCc2cc(C#N)ccc21,80,1
raltegravir,Cc1nnc(C(=O)NC(C)(C)c2nc(C(O)=NCc3ccc(F)cc3)c(O)c(=O)n2C)o1,32,0
amitriptyline,CN(C)CCC=C1c2ccccc2C=Cc2ccccc21,55,1
imidafenacin,Cc1nccn1CCC(C(=N)O)(c1ccccc1)c1ccccc1,58,1
ampiroxicam,CCOC(=O)OC(C)OC1=C(C(O)=Nc2ccccn2)N(C)S(=O)(=O)c2ccccc21,0,0
pimexone,COc1ccc2c(=O)c3ccccc3oc2c1CN1CCCCC1,65,1
amodiaquine,CCN(CC)Cc1cc(Nc2ccnc3cc(Cl)ccc23)ccc1O,75,1
pioglitazone,CCc1ccc(CCOc2ccc(CC3(C=O)CN=C(O)S3)cc2)nc1,83,1
cefuroxime,CON=C(C(O)=NC1C(=O)N2C(C(=O)OC(C)OC(C)=O)=C(COC(=N)O)CSC12)c1ccco1,>50[2],1
methotrexate,CN(Cc1cnc2nc(=N)[nH]c(N)c2n1)c1ccc(C(=O)NC(CCC(=O)O)C(=O)O)cc1,92,1
eliprodil,OC(CN1CCC(Cc2ccc(F)cc2)CC1)c1ccc(Cl)cc1,47,0
amitriptyline,CN(C)CCC=C1c2ccccc2CCc2ccccc21,48,0
maprotiline,CNCCCC12CCC(c3ccccc31)c1ccccc12,68,1
levoprotiline,CNCC(O)CC12CCC(c3ccccc31)c1ccccc12,40,0
naltrexone,O=C1CCC2(O)C3Cc4ccc(O)c5c4C2(CCN3CC2CC2)C1O5,22,0
prochlorperazine,CN1CCN(CCCN2c3ccccc3Sc3ccc(Cl)cc32)CC1,15,0
cloperastine,Clc1ccc(C(OCCN2CCCCC2)c2ccccc2)cc1,40,0
omecamtiv,COC(=O)N1CCN(Cc2cccc(NC(O)=Nc3ccc(C)nc3)c2F)CC1,100,1
yohimbine,COC(=O)C1C(O)OCC2CN3CCc4c([nH]c5ccccc45)C3CC21,33,0
medroxalol,CC(CCc1ccc2c(c1)OCO2)NCC(O)c1ccc(O)c(C(=N)O)c1,38,0
nisoldipine,COC(=O)C1=C(C)NC(C)=C(C(=O)OCC(C)C)C1c1ccccc1[N+](=O)[O-],5,0
propiomazine,CCC(=O)c1ccc2c(c1)N(CC(C)N(C)C)c1ccccc1S2,33,0
exemestane,C=C1CC2C(CCC3(C)C(=O)CCC23)C2(C)C=CC(=O)C=C12,42,0
ethinylestradiol,C#CC1(O)CCC2C3CCc4cc(O)ccc4C3CCC21C,40,0
tesaglitazar,CCOC(Cc1ccc(OCCc2ccc(OS(C)(=O)=O)cc2)cc1)C(=O)O,99,1
amlodipine,CCOC(=O)C1=C(COCCN)NC(C)=C(C(=O)OC)C1c1ccccc1Cl,74,1
lysergide,CCN(CC)C(=O)C1C=C2c3cccc4[nH]cc(c34)CC2N(C)C1,>50[2],1
methylergonovine,CCC(CO)N=C(O)C1C=C2c3cccc4[nH]cc(c34)CC2N(C)C1,60,1
perazine,CN1CCN(CCCN2c3ccccc3Sc3ccccc32)CC1,13,0
pridinol,OC(CCN1CCCCC1)(c1ccccc1)c1ccccc1,77,1
dienogest,CC12CCC3=C4CCC(=O)C=C4CCC3C1CCC2(O)CC#N,94,1
femoxetine,COc1ccc(OCC2CN(C)CCC2c2ccccc2)cc1,8,0
tiagabine,Cc1ccsc1C(=CCCN1CCCC(C(=O)O)C1)c1sccc1C,90,1
dilevalol,CC(=O)c1cc(C(O)CNC(C)CCc2ccccc2)ccc1O,12,0
traxoprodil,CC(C(O)c1ccc(O)cc1)N1CCC(O)(c2ccccc2)CC1,23,0
cilomilast,COc1ccc(C2(C#N)CCC(C(=O)O)CC2)cc1OC1CCCC1,99,1
trimipramine,CC(CN(C)C)CN1c2ccccc2CCc2ccccc21,40,0
ajmaline,CCC1C2CC3C4N(C)c5ccccc5C45CC(C2C5O)N3C1O,20,0
norethindrone,C#CC1(O)CCC2C3CCC4=CC(=O)CCC4C3CCC21C,64,1
cilazaprilat,O=C(O)C(CCc1ccccc1)NC1CCCN2CCCC(C(=O)O)N2C1=O,26,0
imidapril,CCOC(=O)C(CCc1ccccc1)NC(C)C(=O)N1C(=O)N(C)CC1C(=O)O,20,0
bevantolol,COc1ccc(CCNCC(O)COc2cccc(C)c2)cc1OC,57,1
carbocromen,CCOC(=O)COc1ccc2c(C)c(CCN(CC)CC)c(=O)oc2c1,25,0
emepronium,CC[N+](C)(C)C(C)CC(c1ccccc1)c1ccccc1,1,0
enalaprilat,CCOC(=O)C(CCc1ccccc1)NC(C)C(=O)N1CCCC1C(=O)O,49,0
tamsulosin,CCOc1ccccc1OCCNC(C)Cc1ccc(OC)c(S(N)(=O)=O)c1,99,1
terguride,CCN(CC)C(O)=NC1CC2c3cccc4[nH]cc(c34)CC2N(C)C1,30,0
sibrafiban,CCOC(=O)COC1CCN(C(=O)C(C)NC(=O)c2ccc(C(N)=NO)cc2)CC1,36,0
lynestrenol,C#CC1(O)CCC2C3CCC4=CCCCC4C3CCC21C,30,0
tretinoin,CC(C=CC1=C(C)CCCC1(C)C)=CC=CC(C)=CC(=O)O,>50[2],1
fluoxymesterone,CC1(O)CCC2C3CCC4=CC(=O)CCC4(C)C3(F)C(O)CC21C,<50[2],0
urapidil,COc1ccccc1N1CCN(CCCNc2cc(=O)n(C)c(=O)n2C)CC1,78,1
trimazosin,COc1cc2c(=N)[nH]c(N3CCN(C(=O)OCC(C)(C)O)CC3)nc2c(OC)c1OC,61,1
ipratropium,CC(C)[N+]1(C)C2CCC1CC(OC(=O)C(CO)c1ccccc1)C2,3,0
trihexyphenidyl,OC(CCN1CCCCC1)(c1ccccc1)C1CCCCC1,99,1
carbetapentane,CCN(CC)CCOCCOC(=O)C1(c2ccccc2)CCCC1,10,0
vernakalant,COc1ccc(CCOC2CCCCC2N2CCC(O)C2)cc1OC,20,0
lubiprostone,CCCCC(F)(F)C1(O)CCC2C(CC(=O)C2CCCCCCC(=O)O)O1,0,0
adefovir,CC(C)(C)C(=O)OCOP(=O)(COCCn1cnc2c(N)ncnc21)OCOC(=O)C(C)(C)C,>50[2],1
eltanolone,CC1CC(=O)CC2CCC3C4CCC(O)C4(C)CCC3C12C,3,0
talinolol,CC(C)(C)NCC(O)COc1ccc(NC(O)=NC2CCCCC2)cc1,55,1
quinagolide,CCCN1CC(NS(=O)(=O)N(CC)CC)CC2Cc3c(O)cccc3CC21,99,1
celiprolol,CCN(CC)C(O)=Nc1ccc(OCC(O)CNC(C)(C)C)c(C(C)=O)c1,>50[2],1
alprostadil,CCCCCC(O)C=CC1C(O)CC(=O)C1CCCCCCC(=O)O,15,0
ibutilide,CCCCCCCN(CC)CCCC(O)c1ccc(NS(C)(=O)=O)cc1,8,0
gentamicin_c1a,CCC1CCC(N)C(OC2C(N)CC(N)C(OC3OCC(C)(O)C(NC)C3O)C2O)O1,0,0
deferasirox,O=C1C=CC=CC1=C1NC(=C2C=CC=CC2=O)N(c2ccc(C(=O)O)cc2)N1,70,1
sorafenib,CNC(=O)c1cc(Oc2ccc(NC(O)=Nc3ccc(Cl)c(C(F)(F)F)c3)cc2)ccn1,39,0
diflomotecan,CCC1(O)CC(=O)OCc2c1cc1n(c2=O)Cc2cc3cc(F)c(F)cc3nc2-1,72,1
acemetacin,COc1ccc2c(c1)c(CC(=O)OCC(=O)O)c(C)n2C(=O)c1ccc(Cl)cc1,66,1
temafloxacin,CC1CN(c2cc3c(cc2F)c(=O)c(C(=O)O)cn3-c2ccc(F)cc2F)CCN1,95,1
laropiprant,CS(=O)(=O)c1cc(F)cc2c3c(n(Cc4ccc(Cl)cc4)c12)C(CC(=O)O)CC3,71,1
aminocamptothecin,CCC1(O)C(=O)CCc2c1cc1n(c2=O)Cc2cc3c(N)cccc3nc2-1,49,0
amsacrine,COc1cc(NS(C)(=O)=O)ccc1N=c1c2ccccc2[nH]c2ccccc12,≈0[1],0
permethrin,CC1(C)C(C=C(Cl)Cl)C1C(=O)OCc1cccc(Oc2ccccc2)c1,60,1
picotamide,COc1ccc(C(O)=NCc2cccnc2)cc1C(O)=NCc1cccnc1,46,0
entinostat,Nc1ccccc1NC(=O)c1ccc(CN=C(O)OCc2cccnc2)cc1,85,1
curcumin,COc1cc(C=CC(=O)CC(=O)C=Cc2ccc(O)c(OC)c2)ccc1O,0,0
demeclocycline,CN(C)C1C(O)=C(C(=N)O)C(=O)C2(O)C(O)=C3C(=O)c4c(O)ccc(Cl)c4C(O)C3CC12,66,1
ziprasidone,OC1=Nc2cc(Cl)c(CCN3CCN(c4nsc5ccccc45)CC3)cc2C1,60,1
tazarotene,CCOC(=O)c1ccc(C#Cc2ccc3c(c2)C(C)(C)CCS3)nc1,1,0
crizotinib,CC(Oc1cc(-c2cnn(C3CCNCC3)c2)cnc1N)c1c(Cl)ccc(F)c1Cl,66,1
nafcillin,CCOc1ccc2ccccc2c1C([O-])=NC1C(=O)N2C1SC(C)(C)C2C(=O)O,30,0
bromperidol,O=C(CCCN1CCC(O)(c2ccc(Br)cc2)CC1)c1ccc(F)cc1,50,1
flurazepam,CCN(CC)CCN1C(=O)CN=C(c2ccccc2F)c2cc(Cl)ccc21,83,1
haloperidol,O=C(CCCN1CCC(O)(c2cccc(Cl)c2)CC1)c1ccc(F)cc1,60,1
pazopanib,Cc1ccc(Nc2nccc(N(C)c3ccc4c(C)n(C)nc4c3)n2)cc1S(N)(=O)=O,14,0
dapoxetine,CN(C)C(CCOc1cccc2ccccc12)c1ccccc1,15,0
temelastine,Cc1ccc(Cc2c[nH]c(=NCCCCc3ncc(Br)cc3C)nc2O)cn1,>50[2],1
fominoben,CN(CC(=O)N1CCOCC1)Cc1c(Cl)cccc1N=C(O)c1ccccc1,65,1
morclofone,COc1cc(C(=O)c2ccc(Cl)cc2)cc(OC)c1OCCN1CCOCC1,80,1
trifluoperazine,CN1CCN(CCCN2c3ccccc3Sc3ccc(C(F)(F)F)cc32)CC1,100,1
quinupramine,c1ccc2c(c1)CCc1ccccc1N2C1CN2CCC1CC2,75,1
bepotastine,O=C(O)CCCN1CCC(OC(c2ccc(Cl)cc2)c2ccccn2)CC1,80,1
cetirizine,O=C(O)COCCN1CCN(C(c2ccccc2)c2ccc(Cl)cc2)CC1,90,1
dapagliflozin,CCOc1ccc(Cc2cc(C3OC(CO)C(O)C(O)C3O)ccc2Cl)cc1,<50[2],0
terbinafine,CN(CC=CC#CC(C)(C)C)Cc1cccc2ccccc12,40,0
quetiapine,OCCOCCN1CCN(C2=Nc3ccccc3Sc3ccccc32)CC1,9,0
tiracizine,CCOC(O)=Nc1ccc2c(c1)N(C(=O)CN(C)C)c1ccccc1CC2,34,0
benztropine,CN1C2CCC1CC(OC(c1ccccc1)c1ccccc1)C2,29,0
nalmefene,C=C1CCC2(O)C3Cc4ccc(O)c5c4C2(CCN3CC2CC2)C1O5,40,0
methylnaltrexone,C[N+]1(CC2CC2)CCC23c4c5ccc(O)c4OC2C(=O)CCC3(O)C1C5,≈0[1],0
clofoctol,CC(C)(C)CC(C)(C)c1ccc(O)c(Cc2ccc(Cl)cc2Cl)c1,>80[1],1
perphenazine,OCCN1CCN(CCCN2c3ccccc3Sc3ccc(Cl)cc32)CC1,40,0
clemastine,CN1CCCC1CCOC(C)(c1ccccc1)c1ccc(Cl)cc1,37,0
norgestrel,C#CC1(O)CCC2C3CCC4=CC(=O)CCC4C3C=CC21CC,94,1
acitretin,COc1cc(C)c(C=CC(C)=CC=CC(C)=CC(=O)O)c(C)c1C,59,1
moxestrol,C#CC1(O)CCC2C3CCc4cc(O)ccc4C3C(OC)CC21C,33,0
prednisone,CC12C=CC(=O)C=C1CCC1C2C(=O)CC2(C)C1CCC2(O)C(=O)CO,70,1
triamcinolone,CC12C=CC(=O)C=C1CCC1C3CC(O)C(O)(C(=O)CO)C3(C)CC(O)C12F,23,0
budipine,CC(C)(C)N1CCC(c2ccccc2)(c2ccccc2)CC1,47,0
methysergide,CCC(CO)N=C(O)C1C=C2c3cccc4c3c(cn4C)CC2N(C)C1,13,0
morocromen,Cc1c(CCN2CCOCC2)c(=O)oc2cc(N=C(O)N3CCOCC3)ccc12,66,1
glipizide,Cc1cnc(C(O)=NCCc2ccc(S(=O)(=O)NC(O)=NC3CCCCC3)cc2)cn1,95,1
cefpodoxime_proxetil,COCC1=C(C(=O)OC(C)OC(=O)OC(C)C)N2C(=O)C(NC(=O)C(=NOC)c3csc(=N)[nH]3)C2SC1,50,1
benproperine,CC(COc1ccccc1Cc1ccccc1)N1CCCCC1,92,1
methadone,CCC(=O)C(CC(C)N(C)C)(c1ccccc1)c1ccccc1,92,1
propafenone,CCCNCC(O)COc1ccccc1C(=O)CCc1ccccc1,12,0
nalbuphine,Oc1ccc2c3c1OC1C(O)CCC4(O)C(C2)N(CC2CCC2)CCC314,16,0
vincamine,CCC12CCCN3CCC4c5ccccc5N(C4C31)C(O)(C(=O)OC)C2,20,0
ramiprilat,CC(NC(CCc1ccccc1)C(=O)O)C(=O)N1C(C(=O)O)CC2CCCC21,44,0
trimethobenzamide,COc1cc(C(O)=NCc2ccc(OCCN(C)C)cc2)cc(OC)c1OC,80,1
medrogestone,CC(=O)C1CCC2C3C=CC4=CC(=O)CCC4(C)C3CCC12C,25,0
levonorgestrel,C#CC1(O)CCC2C3CCC4=CC(=O)CCC4C3CCC21CC,94,1
prednisone,CC12C=CC(=O)C=C1CCC1C2C(O)CC2(C)C1CCC2(O)C(=O)CO,70,1
disopyramide,CC(C)N(CCC(C(=N)O)(c1ccccc1)c1cccnc1)C(C)C,83,1
roxifiban,CCCCOC(O)=NC(CN=C(O)CC1CC(c2ccc(C(=N)N)cc2)=NO1)C(=O)OC,21,0
biperiden,OC(CCN1CCCCC1)(c1ccccc1)C1CC2C=CC1C2,30,0
dydrogesterone,CC(=O)C1CCC2C3CCC4=CC(=O)CCC4(C)C3CCC12C,25,0
marinol,CCCCCc1cc(O)c2c(c1)OC(C)(C)C1CCC(C)=CC21,10,0
prednisone,CC12CCC(=O)C=C1CCC1C2C(O)CC2(C)C1CCC2(O)C(=O)CO,70,1
lisinopril,NCCCCC(NC(CCc1ccccc1)C(=O)O)C(=O)N1CCCC1C(=O)O,25,0
buspirone,O=C1CC2(CCCC2)CC(=O)N1CCCCN1CCN(c2ncccn2)CC1,3.9,0
alfentanil,CCC(=O)N(c1ccccc1)C1(COC)CCN(CCn2c(=O)nnn2CC)CC1,1,0
ceronapril,NCCCCC(OP(=O)(O)CCCCc1ccccc1)C(=O)N1CCCC1C(=O)O,67,1
amdinocillin_pivoxil,CC(C)(C)C(=O)OCOC(=O)C1N2C(=O)C(N=CN3CCCCCC3)C2SC1(C)C,0,0
streptomycin,CNC1C(OC2C(OC3C(O)C(O)C(NC(=N)N)C(O)C3NC(=N)N)OC(C)C2(O)C=O)OC(CO)C(O)C1O,1,0
netilmicin,CCNC1CC(N)C(OC2OC(CN)=CCC2N)C(O)C1OC1OCC(C)(O)C(NC)C1O,0,0
gentamicin_c1,CNC(C)C1CCC(N)C(OC2C(N)CC(N)C(OC3OCC(C)(O)C(NC)C3O)C2O)O1,0,0
clotrimazole,Clc1ccccc1C(c1ccccc1)(c1ccccc1)n1ccnc1,0,0
isavuconazole,CC(c1nc(-c2ccc(C#N)cc2)cs1)C(O)(Cn1cncn1)c1cc(F)ccc1F,100,1
axitinib,CN=C(O)c1ccccc1Sc1ccc2c(C=Cc3ccccn3)[nH]nc2c1,58,1
tadalafil,CN1CC(=O)N2C(Cc3c([nH]c4ccccc34)C2c2ccc3c(c2)OCO3)C1=O,>50[2],1
bisacodyl,CC(=O)Oc1ccc(C(c2ccc(OC(C)=O)cc2)c2ccccn2)cc1,15,0
sarizotan,Fc1ccc(-c2cncc(CNCC3CCc4ccccc4O3)c2)cc1,89,1
ceftaroline,CCON=C(C(O)=NC1C(=O)N2C(C(=O)O)=C(Sc3nc(-c4cc[n+](C)cc4)cs3)CSC12)c1nsc(NP(=O)([O-])O)n1,≈0[1],0
cinacalcet,CC(NCCCc1cccc(C(F)(F)F)c1)c1cccc2ccccc12,20,0
ambrisentan,COC(c1ccccc1)(c1ccccc1)C(Oc1nc(C)cc(C)n1)C(=O)O,80,1
ceftazidime,CC(C)(ON=C(C(O)=NC1C(=O)N2C(C(=O)O)=C(C[n+]3ccccc3)CSC12)c1csc(=N)[nH]1)C(=O)O,0,0
loratadine,CCOC(=O)N1CCC(=C2c3ccc(Cl)cc3CCc3cccnc32)CC1,40,0
erlotinib,C#Cc1cccc(Nc2ncnc3cc(OCCOC)c(OCCOC)cc23)c1,59,1
zofenopril,CC(CSC(=O)c1ccccc1)C(=O)N1CC(Sc2ccccc2)CC1C(=O)O,65,1
vandetanib,COc1cc2c(Nc3ccc(Br)cc3F)ncnc2cc1OCC1CCN(C)CC1,>80[1],1
benperidol,O=C(CCCN1CCC(n2c(O)nc3ccccc32)CC1)c1ccc(F)cc1,40,0
brivanib,Cc1cc2c(F)c(Oc3ncnn4cc(OCC(C)OC(=O)C(C)N)c(C)c34)ccc2[nH]1,55,1
acrivastine,Cc1ccc(C(=CCN2CCCC2)c2cccc(C=CC(=O)O)n2)cc1,18,0
vinpocetine,CCOC(=O)C1=CC2(CC)CCCN3C=Cc4c(n1c1ccccc41)C32,67,1
tetracycline,CN(C)C1C(O)=C(C(=N)O)C(=O)C2(O)C(=O)C3=C(O)c4c(O)cccc4C(C)(O)C3CC12,77,1
doxycycline,CC1c2cccc(O)c2C(=O)C2=C(O)C3(O)C(=O)C(C(=N)O)=C(O)C(N(C)C)C3C(O)C21,93,1
clentiazem,COc1ccc(C2Sc3cc(Cl)ccc3N(CCN(C)C)C(=O)C2OC(C)=O)cc1,35,0
zuclopenthixol,OCCN1CCN(CCC=C2c3ccccc3Sc3ccc(Cl)cc32)CC1,>50[2],1
nebivolol,OC(CNCC(O)C1CCc2cc(F)ccc2O1)C1CCc2cc(F)ccc2O1,50,1
indoramin,OC(=NC1CCN(CCc2c[nH]c3ccccc23)CC1)c1ccccc1,18,0
bucindolol,CC(C)(Cc1c[nH]c2ccccc12)NCC(O)COc1ccccc1C#N,30,0
moricizine,CCOC(O)=Nc1ccc2c(c1)N(C(=O)CCN1CCOCC1)c1ccccc1S2,38,0
ertapenem,CC(O)C1C(=O)N2C(C(=O)O)=C(SC3CNC(C(O)=Nc4cccc(C(=O)O)c4)C3)C(C)C12,≈0[1],0
colchicine,COc1cc2c(c(OC)c1OC)-c1ccc(OC)c(=O)cc1C(N=C(C)O)CC2,45,0
azelastine,CN1CCCC(N2NC(Cc3ccc(Cl)cc3)c3ccccc3C2=O)CC1,99,1
dasatinib,Cc1nc(Nc2ncc(C(O)=Nc3c(C)cccc3Cl)s2)cc(N2CCN(CCO)CC2)n1,15,0
fluphenazine,OCCN1CCN(CCCN2c3ccccc3Sc3ccc(C(F)(F)F)cc32)CC1,2.7,0
moxifloxacin,COc1c2c(cc(F)c1N1CC3CCCNC3C1)C(=O)C(C(=O)O)=CC2NC1CC1,86,1
eletriptan,CN1CCCC1Cc1c[nH]c2ccc(CCS(=O)(=O)c3ccccc3)cc12,50,1
lorcainide,CC(C)N1CCC(N(C(=O)Cc2ccccc2)c2ccc(Cl)cc2)CC1,30,0
cyproterone,CC(=O)C1(O)CCC2C3C=C(Cl)C4=CC(=O)C5CC5C4(C)C3CCC21C,99,1
sunitinib,CCN(CC)CCN=C(O)c1c(C)[nH]c(C=C2C(O)=Nc3ccc(F)cc32)c1C,55,1
caroverine,CCN(CC)CCn1c(=O)c(Cc2ccc(OC)cc2)nc2ccccc21,≈0[1],0
metopimazine,CS(=O)(=O)c1ccc2c(c1)N(CCCN1CCC(C(=N)O)CC1)c1ccccc1S2,20,0
danazol,C#CC1(O)CCC2C3CCC4=Cc5oncc5CC4(C)C3CCC21C,35,0
mometasone,CC1CC2C3CCC4=CC(=O)C=CC4(C)C3(Cl)C(O)CC2(C)C1(O)C(=O)CCl,1,0
rosuvastatin,CC(C)c1nc(N(C)S(C)(=O)=O)nc(-c2ccc(F)cc2)c1C=CC(O)CC(O)CC(=O)O,20,0
fentanyl,CCC(=O)N(c1ccccc1)C1CCN(CCc2ccccc2)CC1,1,0
encainide,COc1ccc(C(=O)Nc2ccccc2CCC2CCCCN2C)cc1,27,0
mitoxantrone,O=C1c2c(O)ccc(O)c2C(=O)c2c(NCCNCCO)ccc(NCCNCCO)c21,0,0
etonogestrel,C#CC1(O)CCC2C3CCC4=CC(=O)CCC4C3C(=C)CC21CC,76,1
canrenone,CC12CCC(=O)C=C1C=CC1C2CCC2(C)C1CCC21CCC(=O)O1,25,0
fluocortolone,CC1CC2C3CC(F)C4=CC(=O)C=CC4(C)C3C(O)CC2(C)C1C(=O)CO,90,1
propoxyphene,CCC(=O)OC(Cc1ccccc1)(c1ccccc1)C(C)CN(C)C,30,0
trimebutine,CCC(COC(=O)c1cc(OC)c(OC)c(OC)c1)(c1ccccc1)N(C)C,4,0
aprindine,CCN(CC)CCCN(c1ccccc1)C1Cc2ccccc2C1,85,1
sufentanil,CCC(=O)N(c1ccccc1)C1(COC)CCN(CCc2cccs2)CC1,0,0
spirapril,CCOC(=O)C(CCc1ccccc1)NC(C)C(=O)N1CC2(CC1C(=O)O)SCCS2,50,1
cicaprost,CCC#CCC(C)C(O)C#CC1C(O)CC2CC(=CCOCC(=O)O)CC21,99,1
cilazapril,CCOC(=O)C(CCc1ccccc1)NC1CCCN2CCCC(C(=O)O)N2C1=O,60,1
melagatran,N=C(N)c1ccc(CN=C(O)C2CCN2C(=O)C(NCC(=O)O)C2CCCCC2)cc1,5,0
tolterodine,Cc1ccc(O)c(C(CCN(C(C)C)C(C)C)c2ccccc2)c1,26,0
oxybutynin,CCN(CC)CC#CCOC(=O)C(O)(c1ccccc1)C1CCCCC1,6,0
benzquinamide,CCN(CC)C(=O)C1CN2CCc3cc(OC)c(OC)cc3C2CC1OC(C)=O,36,0
distigmine,CN(CCCCCCN(C)C(=O)Oc1ccc[n+](C)c1)C(=O)Oc1ccc[n+](C)c1,8,0
medroxyprogesterone,CC(=O)C1(O)CCC2C3CC(C)C4=CC(=O)CCC4(C)C3CCC21C,15,0
iloprost,CC#CCC(C)C(O)C=CC1C(O)CC2CC(=CCCCC(=O)O)CC21,16,0
bidisomide,CC(=O)N(CCC(CCN1CCCCC1)(C(=N)O)c1ccccc1Cl)C(C)C,>50[2],1
tirofiban,CCCCS(=O)(=O)NC(Cc1ccc(OCCCCC2CCNCC2)cc1)C(=O)O,0,0
cipemastat,CN1C(=O)N(CC(C(O)=NO)C(CC2CCCC2)C(=O)N2CCCCC2)C(=O)C1(C)C,43,0
nocloprost,CCCCC(C)(C)C(O)C=CC1C(O)CC(Cl)C1CC=CCCCC(=O)O,2,0
misoprostol,CCCCC(C)(O)CC=CC1C(O)CC(=O)C1CCCCCCC(=O)OC,80,1
amikacin,NCCC(O)C(O)=NC1CC(N)C(OC2OC(CN)C(O)C(O)C2O)C(O)C1OC1OC(CO)C(O)C(N)C1O,0,0
arbekacin,NCCC(O)C(O)=NC1CC(N)C(OC2OC(CN)CCC2N)C(O)C1OC1OC(CO)C(O)C(N)C1O,0,0
brequinar,Cc1c(-c2ccc(-c3ccccc3F)cc2)nc2ccc(F)cc2c1C(=O)O,>80[1],1
cromoglicic,O=C(O)c1cc(=O)c2c(OCC(O)COc3cccc4oc(C(=O)O)cc(=O)c34)cccc2o1,2,0
fenflumizole,COc1ccc(-c2nc(-c3ccc(F)cc3F)[nH]c2-c2ccc(OC)cc2)cc1,50,1
sulfinpyrazone,O=C1C(CCS(=O)c2ccccc2)C(=O)[NH+](c2ccccc2)N1c1ccccc1,93,1
aprepitant,CC(OC1OCCN(Cc2nc(O)n[nH]2)C1c1ccc(F)cc1)c1cc(C(F)(F)F)cc(C(F)(F)F)c1,62.5,1
tasosartan,Cc1nc(C)c2c(n1)N(Cc1ccc(-c3ccccc3-c3nn[nH]n3)cc1)C(=O)CC2,50,1
betrixaban,COc1ccc(NC(=O)c2ccc(C(=N)N(C)C)cc2)c(C(O)=Nc2ccc(Cl)cn2)c1,47,0
licofelone,CC1(C)Cc2c(-c3ccccc3)c(-c3ccc(Cl)cc3)c(CC(=O)O)n2C1,>80[1],1
carfecillin,CC1(C)SC2C(N=C(O)C(C(=O)Oc3ccccc3)c3ccccc3)C(=O)N2C1C(=O)O,43,0
topotecan,CCC1(O)C(=O)OCc2c1cc1n(c2=O)Cc2cc3c(CN(C)C)c(O)ccc3nc2-1,32,0
eprosartan,CCCCc1ncc(C=C(Cc2cccs2)C(=O)O)n1Cc1ccc(C(=O)O)cc1,13,0
ponesimod,CCCN=C1SC(=Cc2ccc(OCC(O)CO)c(Cl)c2)C(=O)N1c1ccccc1C,84,1
flupenthixol,OCCN1CCN(CCC=C2c3ccccc3Sc3ccc(C(F)(F)F)cc32)CC1,50,1
fendiline,CC(NCCC(c1ccccc1)c1ccccc1)c1ccccc1,2,0
lefradafiban,COC(=O)CC1CC(COc2ccc(-c3ccc(C(N)=NC(=O)OC)cc3)cc2)N=C1O,24,0
doxazosin,COc1cc2nc(N3CCN(C(=O)C4COc5ccccc5O4)CC3)[nH]c(=N)c2cc1OC,63,1
solifenacin,O=C(OC1CN2CCC1CC2)N1CCc2ccccc2C1c1ccccc1,90,1
quinaprilat,CC(NC(CCc1ccccc1)C(=O)O)C(=O)N1c2ccccc2CCC1C(=O)O,52,1
aripiprazole,OC1=Nc2cc(OCCCCN3CCN(c4cccc(Cl)c4Cl)CC3)ccc2CC1,87,1
risperidone,Cc1nc2n(c(=O)c1CCN1CCC(c3noc4cc(F)ccc34)CC1)CCCC2,66,1
paliperidone,Cc1nc2n(c(=O)c1CCN1CCC(c3noc4cc(F)ccc34)CC1)CCCC2O,28,0
minocycline,CN(C)c1ccc(O)c2c1CC1CC3C(N(C)C)C(O)=C(C(=N)O)C(=O)C3(O)C(O)=C1C2=O,97,1
piperacillin,CCN1CCN(C(O)=NC(C(O)=NC2C(=O)N3C2SC(C)(C)C3C(=O)O)c2ccccc2)C(=O)C1=O,0,0
glibenclamide,COc1ccc(Cl)cc1C(O)=NCCc1cccc(S(=O)(=O)NC(O)=NC2CCCCC2)c1,80,1
azimilide,CN1CCN(CCCCN2C(=O)CN(N=Cc3ccc(-c4ccc(Cl)cc4)o3)C2=O)CC1,85,1
ticagrelor,CCCSc1nc(NC2CC2c2ccc(F)c(F)c2)c2nnn(C3CC(OCCO)C(O)C3O)c2n1,≈0[1],0
temocapril,CCOC(=O)C(CCc1ccccc1)NC1CSC(c2cccs2)CN(CC(=O)O)C1=O,52,1
methacycline,C=C1c2cccc(O)c2C(=O)C2C1C(C)C1C(N(C)C)C(O)C(C(=N)O)C(=O)C1(O)C2O,58,1
triamcinolone_acetonide,CC1(C)OC2CC3C4CCC5=CC(=O)C=CC5C4(F)C(O)CC3(C)C2(C(=O)CO)O1,23,0
zolpidem,CCCN(CCC)C(=O)Cc1c(-c2ccc(C)cc2)nc2ccc(C)cn12,72,1
phenoperidine,CCOC(=O)C1(c2ccccc2)CCN(CCC(O)c2ccccc2)CC1,20,0
propiverine,CCCOC(C(=O)OC1CCN(C)CC1)(c1ccccc1)c1ccccc1,36,0
quinacrine,CCN(CC)CCCC(C)N=c1c2ccc(Cl)cc2[nH]c2ccc(OC)cc12,≈0[1],0
pholcodine,CN1CCC23c4c5ccc(OCCN6CCOCC6)c4OC2C(O)C=CC3C1C5,>80[1],1
propantheline,CC(C)[N+](C)(CCOC(=O)C1c2ccccc2Oc2ccccc21)C(C)C,5,0
etretinate,CCOC(=O)C=C(C)C=CC=C(C)C=Cc1c(C)cc(OC)c(C)c1C,40,0
elcometrine,C=C1CC2C3CCC4=CC(=O)CCC4C3CCC2(C)C1(OC(C)=O)C(C)=O,10,0
methadyl,CCC(OC(C)=O)C(CC(C)N(C)C)(c1ccccc1)c1ccccc1,47,0
diprafenone,CCC(C)(C)NCC(O)COc1ccccc1C(=O)CCc1ccccc1,11,0
mycophenolate_mofetil,COc1c(C)c2c(c(O)c1CC=C(C)CCC(=O)OCCN1CCOCC1)C(=O)OC2,0,0
estramustine,CC12CCC3c4ccc(OC(=O)N(CCCl)CCCl)cc4CCC3C1CCC2OP(=O)(O)O,>50[2],1
ramipril,CCOC(=O)C(CCc1ccccc1)NC(C)C(=O)N1C(C(=O)O)CC2CCCC21,28,0
lotrafiban,CN1Cc2cc(C(=O)N3CCC(C4CCNCC4)CC3)ccc2NC(CC(=O)O)C1=O,2,0
dydrogesterone,CC(=O)C1(C)CCC2C3C=C(C)C4=CC(=O)CCC4(C)C3CCC21C,>50[2],1
actisomide,CC1=NC(=O)C(CCN(C(C)C)C(C)C)(c2ccccc2)C2CCCCN12,0,0
eliglustat,CCCCCCCC(O)=NC(CN1CCCC1)C(O)c1ccc2c(c1)OCCO2,>80[1],1
pravastatin,CCC(C)C(=O)OC1CC(O)C=C2C=CC(C)C(CCC(O)CC(O)CC(=O)O)C21,18,0
paromomycin,NCC1OC(OC2C(CO)OC(OC3C(O)C(N)CC(N)C3OC3OC(CO)C(O)C(O)C3N)C2O)C(N)C(O)C1O,3,0
candesartan,CCOc1nc2cccc(C(=O)O)c2n1Cc1ccc(-c2ccccc2-c2nn[nH]n2)cc1,42,0
ezetimibe,O=C1C(CCC(O)c2ccc(F)cc2)C(c2ccc(O)cc2)N1c1ccc(F)cc1,50,1
bifeprunox,Oc1nc2cccc(N3CCN(Cc4cccc(-c5ccccc5)c4)CC3)c2o1,54,1
amsalog,CN=C(O)c1cccc2c(Nc3ccc(NS(C)(=O)=O)cc3OC)c3cccc(C)c3nc12,34,0
canertinib,C=CC(O)=Nc1cc2c(Nc3ccc(F)c(Cl)c3)ncnc2cc1OCCCN1CCOCC1,33,0
mizolastine,CN(c1nccc(O)n1)C1CCN(c2nc3ccccc3n2Cc2ccc(F)cc2)CC1,65,1
flavoxate,Cc1c(-c2ccccc2)oc2c(C(=O)OCCN3CCCCC3)cccc2c1=O,100,1
fluvastatin,CC(C)n1c(C=CC(O)CC(O)CC(=O)[O-])c(-c2ccc(F)cc2)c2ccccc21,24,0
carvedilol,COc1ccccc1OCCNCC(O)OCc1cccc2[nH]c3ccccc3c12,25,0
iloperidone,COc1cc(C(C)=O)ccc1OCCCN1CCC(c2noc3cc(F)ccc23)CC1,96,1
prenylamine,CC(Cc1ccccc1)NCCC(c1ccccc1)c1ccccc1,15,0
troglitazone,Cc1c(C)c2c(c(C)c1O)CC(C)(COc1ccc(CC3SC(=O)N=C3O)cc1)CO2,45,0
naftopidil,COc1ccccc1N1CCN(CC(O)COc2cccc3ccccc23)CC1,7,0
benazepril,CCOC(=O)C(CCc1ccccc1)NC1CCc2ccccc2N(CC(=O)O)C1=O,18,0
valsartan,CCCCC(=O)N(Cc1ccc(-c2ccccc2-c2nn[nH]n2)cc1)C(C(=O)O)C(C)C,23,0
donepezil,COc1cc2c(cc1OC)C(=O)C(CC1CCN(Cc3ccccc3)CC1)C2,99,1
edoxaban,CN1CCc2nc(C(=O)NC3CC(C(=O)N(C)C)CCC3NC(=O)C(=O)Nc3ccc(Cl)cn3)sc2C1,45,0
fluocinolone,CC1(C)OC2CC3C4CC(F)C5=CC(=O)C=CC5(C)C4(F)C(O)CC3(C)C2(C(=O)CO)O1,6.7,0
doxapram,CCN1CC(CCN2CCOCC2)C(c2ccccc2)(c2ccccc2)C1=O,64,1
drospirenone,CC12CCC(=O)C=C1C1CC1C1C2CCC2(C)C1C1CC1C21CCC(=O)O1,76,1
eplerenone,COC(=O)C1CC2=CC(=O)CCC2(C)C23OC2CC2(C)C(CCC24CCC(=O)O4)C13,69,1
fluocinolone,CC1(C)OC2CC3C4CC(F)C5=CC(=O)C=CC5(C)C4C(O)CC3(C)C2(C(=O)CO)O1,6.7,0
drotaverine,CCOc1ccc(C=C2NCCc3cc(OCC)c(OCC)cc32)cc1OCC,58,1
megestrol,CC(=O)OC1(C(C)=O)CCC2C3C=C(C)C4=CC(=O)CCC4(C)C3CCC21C,90,1
spironolactone,CC(=O)SC1CC2=CC(=O)CCC2(C)C2CCC3(C)C(CCC34CCC(=O)O4)C12,>50[2],1
dixyrazine,CC(CN1CCN(CCOCCO)CC1)CN1c2ccccc2Sc2ccccc21,7,0
pipotiazine,CN(C)S(=O)(=O)c1ccc2c(c1)N(CCCN1CCC(CCO)CC1)c1ccccc1S2,26,0
ranolazine,COc1ccccc1OCC(O)CN1CCN(CC(O)=Nc2c(C)cccc2C)CC1,42.5,0
nafronyl,CCN(CC)CCOC(=O)C(Cc1cccc2ccccc12)CC1CCCO1,30,0
denaverine,CCC(CC)COC(C(=O)OCCN(C)C)(c1ccccc1)c1ccccc1,37,0
bepridil,CC(C)COCC(CN1CCCC1)N(Cc1ccccc1)c1ccccc1,61,1
trandolapril,CCOC(=O)C(CCc1ccccc1)NC(C)C(=O)N1C(C(=O)O)CC2CCCCC21,>50[2],1
megestrol,CC(=O)OC1(C(C)=O)CCC2C3CC(C)C4=CC(=O)CCC4(C)C3CCC21C,10,0
ximelagatran,CCOC(=O)CNC(C(=O)N1CCC1C(O)=NCc1ccc(C(N)=NO)cc1)C1CCCCC1,21,0
nabilone,CCCCCCC(C)(C)c1cc(O)c2c(c1)OC(C)(C)C1CCC(=O)CC21,20,0
lovastatin,CCC(C)C(=O)OC1CC(C)C=C2C=CC(C)C(CCC3CC(O)CC(=O)O3)C21,5,0
Ursodeoxycholic acid,CC(CCC(=O)O)C1CCC2C3C(O)CC4CC(O)CCC4(C)C3CCC12C,38,0
neomycin,NCC1OC(COC2C(CO)OC(OC3C(O)C(N)CC(N)C3OC3OC(CN)C(O)C(O)C3N)C2O)C(N)C(O)C1O,3,0
azilsartan,CCOc1nc2cccc(C(=O)O)c2n1Cc1ccc(-c2ccccc2-c2nc(=O)o[nH]2)cc1,60,1
talnetant,CCC(N=C(O)c1c(O)c(-c2ccccc2)nc2ccccc12)c1ccccc1,>80[1],1
eltrombopag,Cc1ccc(-n2[nH]c(C)c(N=Nc3cccc(-c4cccc(C(=O)O)c4)c3O)c2=O)cc1C,50,1
otamixaban,COC(=O)C(Cc1cccc(C(=N)N)c1)C(C)NC(=O)c1ccc(-c2cc[n+]([O-])cc2)cc1,≈0[1],0
cefoperazone,CCN1CCN(C(O)=NC(C(O)=NC2C(=O)N3C(C(=O)O)=C(CSc4nnnn4C)CSC23)c2ccc(O)cc2)C(=O)C1=O,10,0
amiodarone,CCCCc1oc2ccccc2c1C(=O)c1cc(I)c(OCCN(CC)CC)c(I)c1,46,0
adimolol,CC(C)(CCn1c(O)nc2ccccc21)NCC(O)COc1cccc2ccccc12,33,0
moexiprilate,COc1cc2c(cc1OC)CN(C(=O)C(C)NC(CCc1ccccc1)C(=O)O)C(C(=O)O)C2,22,0
nefazodone,CCc1nn(CCCN2CCN(c3cccc(Cl)c3)CC2)c(=O)n1CCOc1ccccc1,20,0
dextromoramide,CC(CN1CCOCC1)C(C(=O)N1CCCC1)(c1ccccc1)c1ccccc1,99,1
alvimopan,CC1CN(CC(Cc2ccccc2)C(O)=NCC(=O)O)CCC1(C)c1cccc(O)c1,6,0
ifetroban,CCCCCN=C(O)c1coc(C2C3CCC(O3)C2Cc2ccccc2CCC(=O)O)n1,48,0
capreomycin,N=C(O)NC=C1N=C(O)C(CN=C(O)CC(N)CCCN)N=C(O)C(CO)N=C(O)C(N)CN=C(O)C(C2CCNC(=N)N2)N=C1O,1,0
deferoxamine,CC(=O)N(O)CCCCCN=C(O)CCC(=O)N(O)CCCCCN=C(O)CCC(=O)N(O)CCCCCN,2,0
tolvaptan,Cc1ccccc1C(=O)Nc1ccc(C(=O)N2CCCC(O)c3cc(Cl)ccc32)c(C)c1,56,1
rupatadine,Cc1cncc(CN2CCC(=C3c4ccc(Cl)cc4CCc4cccnc43)CC2)c1,50,1
flunarizine,Fc1ccc(C(c2ccc(F)cc2)N2CCN(CC=Cc3ccccc3)CC2)cc1,85,1
verlukast,CN(C)C(=O)CCSC(SCCC(=O)O)c1cccc(C=Cc2ccc3ccc(Cl)cc3n2)c1,100,1
barnidipine,COC(=O)C1=CNC(C)=C(C(=O)OC2CCN(Cc3ccccc3)C2)C1c1cccc([N+](=O)[O-])c1,1,0
ketoconazole,CC(=O)N1CCN(c2ccc(OCC3COC(Cn4ccnc4)(c4ccc(Cl)cc4Cl)O3)cc2)CC1,75,1
toremifene,CN(C)CCOc1ccc(C(=C(CCCl)c2ccccc2)c2ccccc2)cc1,99,1
clomiphene,CCN(CC)CCOc1ccc(C(=C(Cl)c2ccccc2)c2ccccc2)cc1,90,1
cinnarizine,C(=Cc1ccccc1)CN1CCN(C(c2ccccc2)c2ccccc2)CC1,75,1
pyrvinium,Cc1cc(C=Cc2ccc3cc(N(C)C)ccc3[n+]2C)c(C)n1-c1ccccc1,5,0
bosutinib,COc1cc(N=c2c(C#N)c[nH]c3cc(OCCCN4CCN(C)CC4)c(OC)cc23)c(Cl)cc1Cl,18,0
almitrine,C=CCN=c1nc(N2CCN(C(c3ccc(F)cc3)c3ccc(F)cc3)CC2)[nH]c(=NCC=C)[nH]1,63,1
levocabastine,CC1CN(C2CCC(C#N)(c3ccc(F)cc3)CC2)CCC1(C(=O)O)c1ccccc1,99,1
tamoxifen,CCC(=C(c1ccccc1)c1ccc(OCCN(C)C)cc1)c1ccccc1,100,1
droloxifene,CCC(=C(c1ccc(OCCN(C)C)cc1)c1cccc(O)c1)c1ccccc1,<50[2],0
halofantrine,CCCCN(CCCC)CCC(O)c1cc2c(Cl)cc(Cl)cc2c2cc(C(F)(F)F)ccc12,6.3000002,0
delapril,CCOC(=O)C(CCc1ccccc1)NC(C)C(=O)N(CC(=O)O)C1Cc2ccccc2C1,55,1
cerivastatin,COCc1c(C(C)C)nc(C(C)C)c(C=CC(O)CC(O)CC(=O)O)c1-c1ccc(F)cc1,60,1
trospium,CCC1CC(OC(=O)C(O)(c2ccccc2)c2ccccc2)CC(C)[N+]12CCCC2,10,0
zatebradine,COc1ccc(CCN(C)CCCN2CCc3cc(OC)c(OC)cc3CC2=O)cc1OC,50,1
cabergoline,C=CCN1CC(C(=O)N(CCCN(C)C)C(O)=NCC)CC2c3cccc4[nH]cc(c34)CC21,65,1
tiapamil,COc1ccc(CCN(C)CCCC2(c3ccc(OC)c(OC)c3)S(=O)(=O)CCCS2(=O)=O)cc1OC,42.5,0
pinaverium,COc1cc(Br)c(C[N+]2(CCOCCC3CCC4CC3C4(C)C)CCOCC2)cc1OC,0.5,0
ritanserin,Cc1nc2sccn2c(=O)c1CCN1CCC(=C(c2ccc(F)cc2)c2ccc(F)cc2)CC1,75,1
pimozide,Oc1nc2ccccc2n1C1CCN(CCC(c2ccc(F)cc2)c2ccc(F)cc2)CC1,50,1
cefcanel,Cc1nnc(SCC2=C(C(=O)OCc3oc(=O)oc3C)N3C(=O)C(N=C(O)C(OC(=O)C(C)N)c4ccccc4)C3SC2)s1,40,0
bosentan,COc1ccccc1Oc1c(NS(=O)(=O)c2ccc(C(C)(C)C)cc2)nc(-c2ncccn2)nc1OCCO,49,0
daunorubicin,COc1cccc2c1C(=O)c1c(O)c3c(c(O)c1C2=O)CC(O)(C(C)=O)CC3OC1CC(N)C(O)C(C)O1,≈0[1],0
doxorubicin,COc1cccc2c1C(=O)c1c(O)c3c(c(O)c1C2=O)CC(O)(C(=O)CO)CC3OC1CC(N)C(O)C(C)O1,5,0
asimadoline,CN(C(=O)C(c1ccccc1)c1ccccc1)C(CN1CCC(O)C1)c1ccccc1,40,0
lonafarnib,N=C(O)N1CCC(CC(=O)N2CCC(C3c4ncc(Br)cc4CCc4cc(Cl)cc(Br)c43)CC2)CC1,70,1
nicardipine,COC(=O)c1c(C)cc([N+](=O)[O-])c(C(=O)OCCN(C)Cc2ccccc2)c1C1C=C(C)NC(C)=C1,23,0
naringin,CC1OC(OC2C(Oc3cc(O)c4c(c3)OC(c3ccc(O)cc3)CC4=O)OC(CO)C(O)C2O)C(O)C(O)C1O,20,0
rolitetracycline,CN(C)C1C(=O)C(C(O)=NCN2CCCC2)=C(O)C2(O)C(=O)C3=C(O)c4c(O)cccc4C(C)(O)C3CC12,≈0[1],0
moexipril,CCOC(=O)C(CCc1ccccc1)NC(C)C(=O)N1Cc2cc(OC)c(OC)cc2CC1C(=O)O,13,0
repaglinide,CCOc1cc(CC(O)=NC(CC(C)C)c2ccccc2N2CCCCC2)ccc1C(=O)O,56,1
ivabradine,COc1cc2c(cc1OC)CC(=O)N(CCCN(C)CC1Cc3cc(OC)c(OC)cc31)CC2,40,0
darunavir,CC(C)CN(CC(O)C(Cc1ccccc1)N=C(O)OC1COC2OCCC12)S(=O)(=O)c1ccc(N)cc1,37,0
chloramphenicol_palmitate,CCCCCCCCCCCCCCCC(=O)OCC(N=C(O)C(Cl)Cl)C(O)c1ccc([N+](=O)[O-])cc1,>50[2],1
alfacalcidol,C=C1C(=CC=C2CCCC3(C)C2CCC3C(C)CCCC(C)C)CC(O)CC1O,71,1
calcitriol,C=C1C(=CC=C2CCCC3(C)C2CCC3C(C)CCCC(C)(C)O)CC(O)CC1O,61,1
paricalcitol,CC(C=CC(C)C(C)(C)O)C1CCC2C(=CC=C3CC(O)CC(O)C3)CCCC21C,72,1
diltiazem,CC(C)CCCC(C)C1CCC2C3CC=C4CC(O)CCC4(C)C3CCC12C,38,0
nilotinib,Cc1cn(-c2cc(N=C(O)c3ccc(C)c(Nc4nccc(-c5cccnc5)n4)c3)cc(C(F)(F)F)c2)cn1,30,0
raloxifene,O=C(c1ccc(OCCN2CCCCC2)cc1)c1c(-c2ccc(O)cc2)sc2cc(O)ccc12,2,0
adapalene,COc1ccc(-c2ccc3cc(C(=O)O)ccc3c2)cc1C12CC3CC(CC(C3)C1)C2,≈0[1],0
darifenacin,N=C(O)C(c1ccccc1)(c1ccccc1)C1CCN(CCc2ccc3c(c2)CCO3)C1,17,0
astemizole,COc1ccc(CCN2CCC(N=c3[nH]c4ccccc4n3Cc3ccc(F)cc3)CC2)cc1,50,1
menogaril,COC1CC(C)(O)Cc2cc3c(c(O)c21)C(=O)c1c(O)cc2c(c1C3=O)OC1OC2(C)C(O)C(N(C)C)C1O,32,0
epirubicin,COc1cccc2c1C(=O)c1c(O)c3c(c(O)c1C2=O)CC(O)(CC(=O)CO)CC3OC1CC(N)C(O)C(C)O1,0,0
lasofoxifene,Oc1ccc2c(c1)CCC(c1ccccc1)C2c1ccc(OCCN2CCCC2)cc1,60,1
dutasteride,C=C(Nc1cc(C(F)(F)F)ccc1C(F)(F)F)C1CCC2C3CCC4N=C(O)C=CC4(C)C3CCC12C,60,1
mosapramine,OC1=NC2CCCCN2C12CCN(CCCN1c3ccccc3CCc3ccc(Cl)cc31)CC2,16,0
mifepristone,C#CC1(O)CCC2C3CCC4CC(=O)CCC4=C3C(c3ccc(N(C)C)cc3)CC21C,69,1
clocapramine,N=C(O)C1(N2CCCCC2)CCN(CCCN2c3ccccc3CCc3ccc(Cl)cc32)CC1,18,0
gallopamil,COc1ccc(CCN(C)CCCC(C#N)(c2cc(OC)c(OC)c(OC)c2)C(C)C)cc1OC,19,0
muraglitazar,COc1ccc(OC(=O)N(CC(=O)O)Cc2ccc(OCCc3nc(-c4ccccc4)oc3C)cc2)cc1,79,1
olmesartan,CCCc1nc(C(C)(C)O)c(C(=O)OCc2oc(=O)oc2C)n1Cc1ccc(-c2ccccc2-c2nn[nH]n2)cc1,26,0
imatinib,Cc1ccc(NC(=O)c2ccc(CN3CCN(C)CC3)cc2)cc1Nc1nccc(-c2cccnc2)n1,98,1
etoposide,COc1cc(C2c3cc4c(cc3C(OC3OC5COC(C)OC5C(O)C3O)C3COC(=O)C23)OCO4)cc(OC)c1O,52,1
loperamide,CN(C)C(=O)C(CCN1CCC(O)(c2ccc(Cl)cc2)CC1)(c1ccccc1)c1ccccc1,40,0
mibefradil,CCC(=O)OC1(CCN(C)CCCc2nc3ccccc3[nH]2)CCc2cc(F)ccc2C1C(C)C,75,1
lymecycline,CN(C)C1C(O)=C(C(O)=NCNC(CCCCN)C(=O)O)C(=O)C2(O)C(O)=C3C(=O)c4c(O)cccc4C(C)(O)C3CC12,100,1
orlistat,CCCCCCCCCCCC(CC1OC(=O)C1CCCCCC)OC(=O)C(CC(C)C)N=CO,1,0
oxalic_acid,O=C(O)C(=O)O,7,0
mesna,O=S(=O)([O-])CCS,62,1
etidronate,CC(O)(P(=O)(O)O)P(=O)(O)O,5,0
hypericin,Cc1cc(O)c2c(=O)c3c(O)cc(O)c4c5c(O)cc(O)c6c(=O)c7c(O)cc(C)c8c1c2c(c34)c(c78)c65,20,0
antrafenine,O=C(OCCN1CCN(c2cccc(C(F)(F)F)c2)CC1)c1ccccc1Nc1ccnc2cc(C(F)(F)F)ccc12,99,1
bafetinib,Cc1ccc(N=C(O)c2ccc(CN3CCC(N(C)C)C3)c(C(F)(F)F)c2)cc1Nc1nccc(-c2cncnc2)n1,32,0
lidoflazine,Cc1cccc(C)c1N=C(O)CN1CCN(CCCC(c2ccc(F)cc2)c2ccc(F)cc2)CC1,40,0
dihydroergosine,CC(C)CC1C(=O)N2CCCC2C2(O)OC(C)(N=C(O)C3CC4c5cccc6[nH]cc(c56)CC4N(C)C3)C(=O)N12,10,0
proscillaridin,CC1OC(OC2C=C3CCC4C(CCC5(C)C(c6ccc(=O)oc6)CCC45O)C3(C)CC2)C(O)C(O)C1O,7,0
fosinopril,CCC(=O)OC(OP(=O)(CCCCc1ccccc1)CC(=O)N1CC(C2CCCCC2)CC1C(=O)O)C(C)C,34,0
aliskiren,COCCCOc1cc(CC(CC(N)C(O)CC(C(O)=NCC(C)(C)C(=N)O)C(C)C)C(C)C)ccc1OC,2.5,0
novobiocin,COC1C(OC(=N)O)C(O)C(Oc2ccc3c(O)c(NC(=O)c4ccc(O)c(CC=C(C)C)c4)c(=O)oc3c2C)OC1(C)C,0,0
dronedarone,CCCCc1oc2ccc(NS(C)(=O)=O)cc2c1C(=O)c1ccc(OCCCN(CCCC)CCCC)cc1,15,0
probucol,CC(C)(Sc1cc(C(C)(C)C)c(O)c(C(C)(C)C)c1)Sc1cc(C(C)(C)C)c(O)c(C(C)(C)C)c1,5,0
fusidic_acid,CC(=O)OC1CC2(C)C(CC(O)C3C4(C)CCC(O)C(C)C4CCC32C)C1=C(CCC=C(C)C)C(=O)O,91,1
rosaramicin,CCC1OC(=O)CC(O)C(C)C(OC2OC(C)CC(N(C)C)C2O)C(CC=O)CC(C)C(=O)C=CC2(C)OC2C1C,32,0
conivaptan,Cc1nc2c([nH]1)-c1ccccc1N(C(=O)c1ccc(NC(=O)c3ccccc3-c3ccccc3)cc1)CC2,42,0
fexofenadine,CC(C)(C(=O)O)c1ccc(C(O)CCCN2CCC(C(O)(c3ccccc3)c3ccccc3)CC2)cc1,49,0
terfenadine,CC(C)(C)c1ccc(C(O)CCCN2CCC(C(O)(c3ccccc3)c3ccccc3)CC2)cc1,1,0
ciclesonide,CC(C)C(=O)OCC(=O)C12OC(C3CCCCC3)OC1CC1C3CCC4=CC(=O)C=CC4(C)C3C(O)CC12C,1,0
nelfinavir,Cc1c(O)cccc1C(O)=NC(CSc1ccccc1)C(O)CN1CC2CCCCC2CC1C(O)=NC(C)(C)C,50,1
telmisartan,CCCc1nc2c(n1Cc1ccc(-c3ccccc3C(=O)O)cc1)=CC(c1nc3ccccc3n1C)CC=2C,43,0
atorvastatin,CC(C)c1c(C(O)=Nc2ccccc2)c(-c2ccccc2)c(-c2ccc(F)cc2)n1CCC(O)CC(O)CC(=O)O,12,0
dihydroergotamine,CN1CC(C(O)=NC2(C)OC3(O)C4CCCN4C(=O)C(Cc4ccccc4)N3C2=O)CC2c3cccc4[nH]cc(c34)CC21,1,0
reserpine,COC(=O)C1C2CC3C4=Nc5c(OC)cccc5C4CCN3CC2CC(OC(=O)c2cc(OC)c(OC)c(OC)c2)C1OC,50,1
satavaptan,CCOc1ccc2c(c1)C1(CCC(OCCN3CCOCC3)CC1)C(=O)N2S(=O)(=O)c1ccc(C(O)=NC(C)(C)C)cc1OC,6,0
ergoloid,CCC(C)(C)C1C(=O)N2CCCC2C2(O)OC(N=C(O)C3CC4c5cccc6[nH]cc(c56)CC4N(C)C3)(C(C)C)C(=O)N12,25,0
remikiren,CC(C)(C)S(=O)(=O)CC(Cc1ccccc1)C(O)=NC(Cc1cnc[nH]1)C(O)=NC(CC1CCCCC1)C(O)C(O)C1CC1,1,0
valrubicin,CCCCC(=O)OCC(=O)C1(O)Cc2c(O)c3c(c(O)c2C(OC2CC(N=C(O)C(F)(F)F)C(O)C(C)O2)C1)C(=O)c1c(OC)cccc1C3=O,0,0
vecuronium,CC(=O)OC1CC2CCC3C(CCC4(C)C3CC([N+]3(C)CCCCC3)C4OC(C)=O)C2(C)CC1N1CCCCC1,0,0
itraconazole,CCC(C)n1ncn(-c2ccc(N3CCN(c4ccc(OCC5COC(Cn6cncn6)(c6ccc(Cl)cc6Cl)O5)cc4)CC3)cc2)c1=O,55,1
eptifibatide,N=C(N)NCCCCC1N=C(O)CCSSCC(C(=N)O)N=C(O)C2CCCN2C(=O)C(Cc2c[nH]c3ccccc23)N=C(O)C(CC(=O)O)N=C(O)CN=C1O,0,0
enalkiren,COc1ccc(CC(N=C(O)CC(C)(C)N)C(O)=NC(Cc2cnc[nH]2)C(O)=NC(CC2CCCCC2)C(O)C(O)CC(C)C)cc1,0,0
pancuronium,CC(=O)OC1CC2CCC3C(CCC4(C)C3CC([N+]3(C)CCCCC3)C4OC(C)=O)C2(C)CC1[N+]1(C)CCCCC1,0,0
lercanidipine,COC(=O)C1=C(C)NC(C)=C(C(=O)OC(C)(C)CN(C)CCC(c2ccccc2)c2ccccc2)C1c1cccc([N+](=O)[O-])c1,10,0
tubocurarine,COc1cc2c3cc1Oc1cc(ccc1O)CC1c4c(cc(OC)c(O)c4Oc4ccc(cc4)CC3N(C)CC2)CC[N+]1(C)C,≈0[1],0
posaconazole,CCC(C(C)O)n1ncn(-c2ccc(N3CCN(c4ccc(OCC5COC(Cn6cncn6)(c6ccc(F)cc6F)C5)cc4)CC3)cc2)c1=O,96,1
lopinavir,Cc1cccc(C)c1OCC(O)=NC(Cc1ccccc1)C(O)CC(Cc1ccccc1)N=C(O)C(C(C)C)N1CCCN=C1O,≈0[1],0
ritonavir,CC(C)c1nc(CN(C)C(O)=NC(C(O)=NC(Cc2ccccc2)CC(O)C(Cc2ccccc2)N=C(O)OCc2cncs2)C(C)C)cs1,70,1
olcegepant,NCCCCC(N=C(O)C(Cc1cc(Br)c(O)c(Br)c1)N=C(O)N1CCC(N2Cc3ccccc3N=C2O)CC1)C(=O)N1CCN(c2ccncc2)CC1,≈0[1],0
tirilazad,CC1CC2C3CCC4=CC(=O)C=CC4(C)C3=CCC2(C)C1C(=O)CN1CCN(c2cc(N3CCCC3)nc(N3CCCC3)n2)CC1,12,0
atazanavir,COC(O)=NC(C(O)=NC(Cc1ccccc1)C(O)CN(Cc1ccc(-c2ccccn2)cc1)N=C(O)C(N=C(O)OC)C(C)(C)C)C(C)(C)C,64,1
clarithromycin,CCC1OC(=O)C(C)C(OC2CC(C)(OC)C(O)C(C)O2)C(C)C(OC2OC(C)CC(N(C)C)C2O)C(C)(OC)CC(C)C(=O)C(C)C(O)C1(C)O,55,1
azithromycin,CCC1OC(=O)C(C)C(OC2CC(C)(OC)C(O)C(C)O2)C(C)C(OC2OC(C)CC(N(C)C)C2O)C(C)(O)CC(C)CN(C)C(C)C(O)C1(C)O,34,0
pamidronic,NCCC(O)(P(=O)(O)O)P(=O)(O)O,1,0
nitroglycerin,O=[N+]([O-])OCC(CO[N+](=O)[O-])O[N+](=O)[O-],1,0
cycloserine,NC1CON=C1O,80,1
fosfomycin,CC1OC1P(=O)(O)O,31,0
dimercaprol,OCC(S)CS,0,0
beta-carotene,CC(C=CC=C(C)C=CC1=C(C)CCCC1(C)C)=CC=CC=C(C)C=CC=C(C)C=CC1=C(C)CCCC1(C)C,25,0
carfilzomib,CC(C)CC(N=C(O)C(Cc1ccccc1)N=C(O)C(CC(C)C)N=C(O)C(CCc1ccccc1)N=C(O)CN1CCOCC1)C(=O)C1(C)CO1,≈0[1],0
digitoxin,CC1OC(OC2C(O)CC(OC3C(O)CC(OC4CCC5(C)C(CCC6C5CCC5(C)C(C7=CC(=O)OC7)CCC65O)C4)OC3C)OC2C)CC(O)C1O,95,1
digoxin,CC1OC(OC2C(O)CC(OC3C(O)CC(OC4CCC5(C)C(CCC6C5CC(O)C5(C)C(C7=CC(=O)OC7)CCC65O)C4)OC3C)OC2C)CC(O)C1O,70,1
roxithromycin,CCC1OC(=O)C(C)C(OC2CC(C)(OC)C(O)C(C)O2)C(C)C(OC2OC(C)CC(N(C)C)C2O)C(C)(O)CC(C)C(=NOCOCCOC)C(C)C(O)C1(C)O,50,1
dirithromycin,CCC1OC(=O)C(C)C(OC2CC(C)(OC)C(O)C(C)O2)C(C)C(OC2OC(C)CC(N(C)C)C2O)C(C)(O)CC(C)C2NC(COCCOC)OC(C2C)C1(C)O,10,0
rifaximin,COC1C=COC2(C)Oc3c(C)c(O)c4c(O)c(c5c(nc6cc(C)ccn65)c4c3C2=O)N=C(O)C(C)=CC=CC(C)C(O)C(C)C(O)C(C)C(OC(C)=O)C1C,40,0
docetaxel,CC(=O)OC12COC1CC(O)C1(C)C(=O)C(O)C3=C(C)C(OC(=O)C(O)C(N=C(O)OC(C)(C)C)c4ccccc4)CC(O)(C(OC(=O)c4ccccc4)C21)C3(C)C,0,0
rifampin,COC1C=COC2(C)Oc3c(C)c(O)c4c(O)c(c(C=NN5CCN(C)CC5)c(O)c4c3C2=O)N=C(O)C(C)=CC=CC(C)C(O)C(C)C(O)C(C)C(OC(C)=O)C1C,70,1
telithromycin,CCC1OC(=O)C(C)C(=O)C(C)C(OC2OC(C)CC(N(C)C)C2O)C(C)(OC)CC(C)C(=O)C(C)C2N(CCCCn3cnc(-c4cccnc4)c3)C(=O)OC12C,57,1
acetyldigitoxin,CC(=O)OC1CC(OC2C(O)CC(OC3C(O)CC(OC4CCC5(C)C(CCC6C5CCC5(C)C(C7=CC(=O)OC7)CCC65O)C4)OC3C)OC2C)OC(C)C1O,70,1
pimecrolimus,CCC1C=C(C)CC(C)CC(OC)C2OC(O)(C(=O)C(=O)N3CCCCC3C(=O)OC(C(C)=CC3CCC(O)C(OC)C3)C(C)C(O)CC1=O)C(C)CC2OC,0,0
alcuronium,C=CC[N+]12CCC34c5ccccc5N5C=C6C7CC8C9(CC[N+]8(CC=C)CC7=CCO)c7ccccc7N(C=C(C(CC31)C(=CCO)C2)C54)C69,0,0
ortataxel,CC(=O)OC1C(=O)C2(C)C(O)CC3OCC3(OC(C)=O)C2C(OC(=O)c2ccccc2)C23OC(=O)OC2C(OC(=O)C(O)C(CC(C)C)N=C(O)OC(C)(C)C)C(C)=C1C3(C)C,19,0
tacrolimus,C=CCC1C=C(C)CC(C)CC(OC)C2OC(O)(C(=O)C(=O)N3CCCCC3C(=O)OC(C(C)=CC3CCC(O)C(OC)C3)C(C)C(O)CC1=O)C(C)CC2OC,25,0
vinflunine,CCC12C=CCN3CCC4(c5cc(C6(C(=O)OC)CC7CC(C(C)(F)F)CN(Cc8c6[nH]c6ccccc86)C7)c(OC)cc5N(C)C4C(O)(C(=O)OC)C1OC(C)=O)C32,57,1
vinorelbine,CCC1=CC2CN(C1)Cc1c([nH]c3ccccc13)C(C(=O)OC)(c1cc3c(cc1OC)N(C)C1C(O)(C(=O)OC)C(OC(C)=O)C4(CC)C=CCN5CCC31C54)C2,27,0
vinblastine,CCC1(O)CC2CN(CCc3c([nH]c4ccccc34)C(C(=O)OC)(c3cc4c(cc3OC)N(C)C3C(O)(C(=O)OC)C(OC(C)=O)C5(CC)C=CCN6CCC43C65)C2)C1,0,0
rifabutin,COC1C=COC2(C)Oc3c(C)c(O)c4c(O)c(c5c(c4c3C2=O)NC2(CCN(CC(C)C)CC2)N=5)=NC(=O)C(C)=CC=CC(C)C(O)C(C)C(O)C(C)C(OC(C)=O)C1C,20,0
paclitaxel,CC(=O)OC1C(=O)C2(C)C(O)CC3OCC3(OC(C)=O)C2C(OC(=O)c2ccccc2)C2(O)CC(OC(=O)C(O)C(N=C(O)c3ccccc3)c3ccccc3)C(C)=C1C2(C)C,6.5,0
rifapentine,COC1C=COC2(C)Oc3c(C)c(O)c4c(O)c(c(C=NN5CCN(C6CCCC6)CC5)c(O)c4c3C2=O)N=C(O)C(C)=CC=CC(C)C(O)C(C)C(O)C(C)C(OC(C)=O)C1C,70,1
nystatin,CC1C=CC=CC=CC=CC=CC=CC=CC(O)(OC2OC(C)C(O)C(N)C2O)CC2OC(O)(CC(O)CC(O)C(O)CCC(O)CC(O)CC(=O)OC(C)C(C)C1O)CC(O)C2C(=O)O,1,0
ivermectin,CCC(C)C1OC2(CCC1C)CC1CC(CC=C(C)C(OC3CC(OC)C(OC4CC(OC)C(O)C(C)O4)C(C)O3)C(C)C=CC=C3COC4C(O)C(C)=CC(C(=O)O1)C34O)O2,≈0[1],0
octreotide,CC(O)C(CO)N=C(O)C1CSSCC(N=C(O)C(N)Cc2ccccc2)C(O)=NC(Cc2ccccc2)C(O)=NC(Cc2c[nH]c3ccccc23)C(O)=NC(CCCCN)C(O)=NC(C(C)O)C(O)=N1,1,0
fosmidomycin,O=CN(O)CCCP(=O)(O)O,20,0
metformin,CN(C)C(=N)NC(=N)N,52,1
alendronate,NCCCC(O)(P(=O)(O)O)P(=O)(O)O,1,0
fluorouracil,Oc1ncc(F)c(O)n1,28,0
flucytosine,N=c1[nH]c(O)ncc1F,84,1
methimazole,Cn1ccnc1S,93,1
acetazolamide,CC(O)=Nc1nnc(S(N)(=O)=O)s1,99,1
succimer,O=C(O)C(S)C(S)C(=O)O,20,0
homocysteine,NC(CCS)C(=O)O,53,1
sirolimus,COC1CC2CCC(C)C(O)(O2)C(=O)C(=O)N2CCCCC2C(=O)OC(C(C)CC2CCC(O)C(OC)C2)CC(=O)C(C)C=C(C)C(O)C(OC)C(=O)C(C)CC(C)C=CC=CC=C1C,15,0
fidaxomicin,CCc1c(Cl)c(O)c(Cl)c(O)c1C(=O)OC1C(C)OC(OCC2=CC=CCC(O)C(C)=CC(CC)C(OC3OC(C)(C)C(OC(=O)C(C)C)C(O)C3O)C(C)=CC(C)=CCC(C(C)O)OC2=O)C(OC)C1O,≈0[1],0
colistin,CCC(C)CCCC(O)=NC(CCN)C(O)=NC(C(O)=NC(CCN)C(O)=NC1CCN=C(O)C(C(C)O)N=C(O)C(CCN)N=C(O)C(CCN)N=C(O)C(CC(C)C)N=C(O)C(CC(C)C)N=C(O)C(CCN)N=C1O)C(C)O,0,0
cisatracurium,COc1ccc(CC2c3cc(OC)c(OC)cc3CC[N+]2(C)CCC(=O)OCCCCCOC(=O)CC[N+]2(C)CCc3cc(OC)c(OC)cc3C2Cc2ccc(OC)c(OC)c2)cc1OC,2,0
anidulafungin,CCCCCOc1ccc(-c2ccc(-c3ccc(C(=O)NC4CC(O)C(O)N=C(O)C5C(O)C(C)CN5C(=O)C(C(C)O)N=C(O)C(C(O)C(O)c5ccc(O)cc5)N=C(O)C5CC(O)CN5C(=O)C(C(C)O)N=C4O)cc3)cc2)cc1,2,0
isovaleramide,CC(C)CC(=N)O,>80[1],1
penicillamine,CC(C)(S)C(N)C(=O)O,50,1
acamprosate,CC(O)=NCCCS(=O)(=O)O,11,0
alafosfalin,CC(N)C(O)=NC(C)P(=O)(O)O,50,1
Olpadronic acid,CN(C)CCC(O)(P(=O)(O)O)P(=O)(O)O,2,0
allopurinol,Oc1ncnc2n[nH]cc12,53,1
mercaptopurine,Sc1ncnc2[nH]cnc12,12,0
pyrazinamide,N=C(O)c1cnccn1,90,1
thioguanine,N=c1nc(S)c2nc[nH]c2[nH]1,30,0
pentaerythritol_tetranitrate,O=[N+]([O-])OCC(CO[N+](=O)[O-])(CO[N+](=O)[O-])CO[N+](=O)[O-],60,1
methazolamide,CC(=O)N=c1sc(S(N)(=O)=O)nn1C,100,1
carmustine,O=NN(CCCl)C(O)=NCCCl,11.5,0
tiopronin,CC(S)C(O)=NCC(=O)O,63,1
acetylcysteine,CC(O)=NC(CS)C(=O)O,5,0
piracetam,N=C(O)CN1CCCC1=O,100,1
oxiracetam,N=C(O)CN1CC(O)CC1=O,75,1
vigabatrin,C=CC(N)CCC(=O)O,99,1
cystemustine,CS(=O)(=O)CCN=C(O)N(CCCl)N=O,>50[2],1
eflornithine,NCCCC(N)(C(=O)O)C(F)F,55,1
dextrose,O=CC(O)C(O)C(O)C(O)CO,99,1
glucosamine,NC1C(O)OC(CO)C(O)C1O,26,0
l-arginine,N=C(N)NCCCC(N)C(=O)O,68,1
mannitol,OCC(O)C(O)C(O)C(O)CO,7,0
busulfan,CS(=O)(=O)OCCCCOS(C)(=O)=O,70,1
treosulfan,CS(=O)(=O)OCC(O)C(O)COS(C)(=O)=O,97,1
nicotinic acid,O=C(O)c1cccnc1,60,1
acipimox,Cc1cnc(C(=O)O)c[n+]1[O-],90,1
temozolomide,Cn1nnc2c(C(=N)O)[nH]nc2c1=O,96,1
amiloride,N=C(N)N=C(O)c1nc(Cl)c(N)nc1N,50,1
clomethiazole,Cc1ncsc1CCCl,25,0
isosorbide_dinitrate,O=[N+]([O-])OC1COC2C(O[N+](=O)[O-])COC12,22,0
vitamin,O=C1C(O)=C(O)OC1C(O)CO,99,1
metronidazole,Cc1ncc([N+](=O)[O-])n1CCO,99,1
isosorbide-5-mononitrate,O=[N+]([O-])OC1COC2C(O)COC12,93,1
ornidazole,Cc1ncc([N+](=O)[O-])n1CC(O)CCl,97,1
carbimazole,CCOC(=O)n1ccn(C)c1=S,0,0
secnidazole,Cc1ncc([N+](=O)[O-])n1CC(C)O,99,1
misonidazole,COCC(O)Cn1ccnc1[N+](=O)[O-],91,1
ethosuximide,CCC1(C)CC(O)=NC1=O,93,1
risedronate,O=P(O)(O)C(O)(Cc1cccnc1)P(=O)(O)O,1,0
ifosfamide,O=P1(NCCCl)OCCCN1CCCl,92,1
cyclophosphamide,O=P1(N(CCCl)CCCl)NCCCO1,74,1
levocarnitine,C[N+](C)(C)CC(O)CC(=O)[O-],15,0
saccharin,O=S1(=O)N=C(O)c2ccccc21,84,1
chlorothiazide,NS(=O)(=O)c1cc2c(cc1Cl)N=CNS2(=O)=O,13,0
salicylic_acid,O=C(O)c1ccccc1O,99,1
salicylamide,N=C(O)c1ccccc1O,10,0
mesalazine,Nc1ccc(O)c(C(=O)O)c1,25,0
theobromine,Cn1cnc2c1c(O)nc(=O)n2C,80,1
theobromine,Cn1c2ncnc-2c([O-])n(C)c1=O,20,0
theophylline,Cn1c(=O)c2nc[nH]c2n(C)c1=O,96,1
tiludronate,O=P(O)(O)C(Sc1ccc(Cl)cc1)P(=O)(O)O,6,0
ethionamide,CCc1cc(C(=N)S)ccn1,80,1
caffeine,Cn1c(=O)c2c(ncn2C)n(C)c1=O,98,1
enprofylline,CCCn1c(=O)nc(O)c2nc[nH]c21,85,1
dotc,N=c1ccn(C2COC(CO)S2)c(O)n1,80,1
troxacitabine,N=c1ccn(C2COC(CO)O2)c(O)n1,≈0[1],0
acyclovir,N=c1nc(O)c2ncn(COCCO)c2[nH]1,22.5,0
dopamine,NCCc1ccc(O)c(O)c1,76,1
norfenefrine,NCC(O)c1ccc(O)cc1,5,0
octopamine,NCC(O)c1cccc(O)c1,5,0
betahistine,CNCCc1ccccn1,100,1
decitabine,N=c1ncn(C2CC(O)C(CO)O2)c(O)n1,≈0[1],0
ribavirin,NC(=O)c1ncn(C2OC(CO)C(O)C2O)n1,60,1
azacytidine,N=c1ncn(C2OC(CO)C(O)C2O)c(O)n1,18,0
adefovir,Nc1ncnc2c1ncn2CCOCP(=O)(O)O,12,0
lamivudine,N=C1CCN(C2CSC(CO)O2)C(O)=N1,86,1
arecoline,COC(=O)C1=CCCN(C)C1,≈0[1],0
levetiracetam,CCC(C(=N)O)N1CCCC1=O,100,1
cidofovir,N=c1ccn(CC(CO)OCP(=O)(O)O)c(O)n1,5,0
streptozocin,CN(N=O)C(O)=NC1C(O)OC(CO)C(O)C1O,21,0
famotidine,N=C(N)Nc1nc(CSCCC(=N)NS(N)(=O)=O)cs1,42,0
valproic_acid,CCCC(CCC)C(=O)O,99,1
depamide,CCCC(CCC)C(=N)O,68,1
pregabalin,CC(C)CC(CN)CC(=O)O,90,1
miglitol,OCCN1CC(O)C(O)C(O)C1CO,60,1
incadronate,O=P([O-])([O-])C(NC1CCCCCC1)P(=O)(O)O,1,0
penclomedine,COc1nc(C(Cl)(Cl)Cl)c(Cl)c(OC)c1Cl,49,0
nitrofurantoin,O=C1N=C(O)CN1N=Cc1ccc([N+](=O)[O-])o1,87,1
diazoxide,CC1=Nc2ccc(Cl)cc2S(=O)(=O)N1,90,1
guanabenz,N=C(N)NN=Cc1c(Cl)cccc1Cl,75,1
zonisamide,NS(=O)(=O)Cc1noc2ccccc12,49,0
tegafur,O=c1nc(O)c(F)cn1C1CCCO1,>80[1],1
nicorandil,O=[N+]([O-])OCCN=C(O)c1cccnc1,75,1
acetaminophen,CC(O)=Nc1ccc(O)cc1,88,1
clavulanic_acid,O=C(O)C1C(=CCO)OC2CC(=O)N21,75,1
carisbamate,N=C(O)OCC(O)c1ccccc1Cl,94,1
elvucitabine,N=c1nc(O)n(C2C=CC(CO)O2)cc1F,41,0
ethoxzolamide,CCOc1ccc2nc(S(N)(=O)=O)sc2c1,65,1
gemcitabine,N=c1ccn(C2OC(CO)C(O)C2(F)F)c(O)n1,10,0
fiacitabine,N=c1nc(O)n(C2OC(CO)C(O)C2F)cc1I,>80[1],1
doxifluridine,CC1OC(n2cc(F)c(O)nc2=O)C(O)C1O,40,0
floxuridine,O=c1nc(O)c(F)cn1C1CC(O)C(CO)O1,90,1
tranylcypromine,NC1CC1c1ccccc1,50,1
levodopa,NC(Cc1ccc(O)c(O)c1)C(=O)O,41,0
droxidopa,NC(C(=O)O)C(O)c1ccc(O)c(O)c1,90,1
moxonidine,COc1nc(C)nc(Cl)c1NC1=NCCN1,88,1
emtricitabine,N=c1nc(O)n(C2CCC(CO)O2)cc1F,93,1
pidotimod,O=C(O)C1CSCN1C(=O)C1CCC(O)=N1,45,0
prothionamide,CCCc1cc(C(=N)S)ccn1,100,1
dextroamphetamine,CC(N)Cc1ccccc1,75,1
pyridostigmine,CN(C)C(=O)Oc1ccc[n+](C)c1,7.6,0
cytarabine,N=c1ccn(C2OC(CO)C(O)C2O)c(O)n1,20,0
mizoribine,NC(=O)c1ncn(C2OC(CO)C(O)C2O)c1O,12,0
gepefrine,CC(N)Cc1cccc(O)c1,90,1
phenylpropanolamine,CC(N)C(O)c1ccccc1,95,1
phenylephrine,CNCC(O)c1ccc(O)cc1,35,0
phenylephrine,CNCC(O)c1cccc(O)c1,35,0
minoxidil,N=c1[nH]c(N2CCCCC2)cc[n+]1[O-],95,1
molsidomine,CCOC(=O)Nc1c[n+](N2CCOCC2)no1,>50[2],1
acadesine,N=C(O)c1ncn(C2OC(CO)C(O)C2O)c1N,5,0
tenofovir,CC(Cn1cnc2c(N)ncnc21)OCP(=O)(O)O,25,0
captopril,CC(CS)C(=O)N1CCCC1C(=O)O,69,1
lomustine,O=NN(CCCl)C(O)=NC1CCCCC1,100,1
gabapentin,NCC1(CC(=O)O)CCCCC1,60,1
acetylcarnitine,CC(=O)OC(CC(=O)[O-])C[N+](C)(C)C,10,0
trofosfamide,O=P1(N(CCCl)CCCl)OCCCN1CCCl,99,1
ibandronate,CCCCCN(C)CCC(O)(P(=O)(O)O)P(=O)(O)O,1,0
clioquinol,Oc1c(I)cc(Cl)c2cccnc12,11,0
iodoquinol,Oc1c(I)cc(I)c2cccnc12,8,0
coumarin,O=c1ccc2ccccc2o1,3,0
lamotrigine,N=c1nnc(-c2cccc(Cl)c2Cl)c(N)[nH]1,98,1
azathioprine,Cn1cnc([N+](=O)[O-])c1Sc1ncnc2[nH]cnc12,60,1
tizanidine,Clc1ccc2nsnc2c1NC1=NCCN1,21,0
aspirin,CC(=O)Oc1ccccc1C(=O)O,68,1
clonidine,Clc1cccc(Cl)c1NC1=NCCN1,95,1
guanfacine,N=C(N)N=C(O)Cc1c(Cl)cccc1Cl,81,1
diloxanide,CN(C(=O)C(Cl)Cl)c1ccc(O)cc1,90,1
clodronate,O=P([O-])([O-])C(Cl)(Cl)P(=O)(O)O,1,0
hydroxyurea,N=C(O)NO,79,1
